"id","dataset","claim","reviewer_id","decision","evidence","uncertainty","adjudication"
"mixed-money-base","metamorphic","내 보증금은 2400만 240원이다. 이 요건을 충족한다.","","","","",""
"mixed-money-preserve","metamorphic","내 보증금은 24,000,240원이다. 이 요건을 충족한다.","","","","",""
"mixed-money-change","metamorphic","내 보증금은 2400만원이다. 이 요건을 충족한다.","","","","",""
"mixed-money-unknown","metamorphic","부모의 보증금은 2400만 240원이고 내 보증금은 밝히지 않았다. 이 요건을 충족한다.","","","","",""
"decimal-money-base","metamorphic","내 월세는 75만원이다. 이 요건을 충족한다.","","","","",""
"decimal-money-preserve","metamorphic","내 월세는 0.0075억원이다. 이 요건을 충족한다.","","","","",""
"decimal-money-change","metamorphic","내 월세는 74만 9999원이다. 이 요건을 충족한다.","","","","",""
"decimal-money-unknown","metamorphic","내 월세는 밝히지 않았다. 이 요건을 충족한다.","","","","",""
"money-polarity-base","metamorphic","내 보증금은 0.9억원, 월세는 70만원이다. 이 요건을 충족한다.","","","","",""
"money-polarity-preserve","metamorphic","내 보증금은 9천만원, 월세는 700,000원이다. 이 요건을 충족한다.","","","","",""
"money-polarity-change","metamorphic","내 보증금은 0.9억원, 월세는 70만원이다. 이 요건을 충족하지 못한다.","","","","",""
"money-polarity-unknown","metamorphic","내 보증금은 0.9억원, 월세는 밝히지 않았다. 이 요건을 충족한다.","","","","",""
"subject-base","metamorphic","나는 24개월 연속 거주했다. 이 요건을 충족한다.","","","","",""
"subject-preserve","metamorphic","나는 2년간 연속 거주했다. 이 요건을 충족한다.","","","","",""
"subject-change","metamorphic","나는 23개월 연속 거주했다. 이 요건을 충족한다.","","","","",""
"subject-unknown","metamorphic","부모는 24개월 연속 거주했고 내 거주기간은 밝히지 않았다. 이 요건을 충족한다.","","","","",""
"age-boundary-base","metamorphic","나는 만 39세이다. 이 요건을 충족한다.","","","","",""
"age-boundary-preserve","metamorphic","내 만 나이는 39년이다. 이 요건을 충족한다.","","","","",""
"age-boundary-change","metamorphic","나는 만 40세이다. 이 요건을 충족한다.","","","","",""
"age-boundary-unknown","metamorphic","부모는 만 39세이고 내 만 나이는 밝히지 않았다. 이 요건을 충족한다.","","","","",""
"and-both-base","metamorphic","나는 24개월 거주했고 가구 중위소득 비율은 121%이다. 이 요건을 충족한다.","","","","",""
"and-both-preserve","metamorphic","가구 중위소득 비율은 121%이며 나는 2년 거주했다. 이 요건을 충족한다.","","","","",""
"and-both-change","metamorphic","나는 24개월 거주했고 가구 중위소득 비율은 120%이다. 이 요건을 충족한다.","","","","",""
"and-both-unknown","metamorphic","나는 24개월 거주했고 가구 중위소득 비율은 밝히지 않았다. 이 요건을 충족한다.","","","","",""
"or-either-base","metamorphic","나는 24개월 거주했고 가구 중위소득 비율은 121%이다. 이 요건을 충족한다.","","","","",""
"or-either-preserve","metamorphic","가구 중위소득 비율은 121%이며 나는 2년 거주했다. 이 요건을 충족한다.","","","","",""
"or-either-change","metamorphic","나는 23개월 거주했고 가구 중위소득 비율은 121%이다. 이 요건을 충족한다.","","","","",""
"or-either-unknown","metamorphic","나는 23개월 거주했고 가구 중위소득 비율은 밝히지 않았다. 이 요건을 충족한다.","","","","",""
"age-strict-base","metamorphic","나는 만 39세이다. 이 요건을 충족한다.","","","","",""
"age-strict-preserve","metamorphic","내 만 나이는 39년이다. 이 요건을 충족한다.","","","","",""
"age-strict-change","metamorphic","나는 만 38세이다. 이 요건을 충족한다.","","","","",""
"age-strict-unknown","metamorphic","부모는 만 39세이고 내 만 나이는 밝히지 않았다. 이 요건을 충족한다.","","","","",""
"yangsan-housing-1","official","내 보증금은 1억원, 월세는 60만원이다. 이 범위의 요건을 충족한다.","","","","",""
"yangsan-housing-2","official","내 보증금은 1억 1원, 월세는 60만원이다. 이 범위의 요건을 충족한다.","","","","",""
"yangsan-housing-3","official","내 보증금은 0원, 월세는 0원이다. 이 범위의 요건을 충족한다.","","","","",""
"yangsan-housing-4","official","부모의 보증금은 1억원이다. 내 보증금은 밝히지 않았다. 내 월세는 60만원이다. 이 범위의 요건을 충족한다.","","","","",""
"yangsan-income-1","official","공고 방식으로 산정한 내 가구 기준중위소득 비율은 60%이다. 이 범위의 요건을 충족한다.","","","","",""
"yangsan-income-2","official","공고 방식으로 산정한 내 가구 기준중위소득 비율은 60.01%이다. 이 범위의 요건을 충족한다.","","","","",""
"yangsan-income-3","official","공고 방식으로 산정한 내 가구 기준중위소득 비율은 150%이다. 이 범위의 요건을 충족한다.","","","","",""
"yangsan-income-4","official","내 가구 기준중위소득 비율은 밝히지 않았다. 이 범위의 요건을 충족한다.","","","","",""
"yongin-conversion-1","official","내 보증금은 1.125억원, 월세는 100만원이다. 이 범위의 요건을 충족한다.","","","","",""
"yongin-conversion-2","official","내 보증금은 1억 1250만 1원, 월세는 100만원이다. 이 범위의 요건을 충족한다.","","","","",""
"yongin-conversion-3","official","내 보증금은 11250만원, 월세는 1,000,000원이다. 이 범위의 요건을 충족한다.","","","","",""
"yongin-conversion-4","official","부모의 보증금은 11250만원이다. 내 보증금은 밝히지 않았다. 내 월세는 100만원이다. 이 범위의 요건을 충족한다.","","","","",""
"yongin-income-benefits-1","official","내 가구 기준중위소득 비율은 180%이며, 나는 생계·의료·주거·교육급여를 모두 받지 않는다. 이 범위의 요건을 충족한다.","","","","",""
"yongin-income-benefits-2","official","내 가구 기준중위소득 비율은 180%이며, 나는 교육급여만 받고 생계·의료·주거급여는 받지 않는다. 이 범위의 요건을 충족한다.","","","","",""
"yongin-income-benefits-3","official","내 가구 기준중위소득 비율은 181%이다. 내 급여 수급 여부는 밝히지 않았다. 이 범위의 요건을 충족한다.","","","","",""
"yongin-income-benefits-4","official","내 가구 기준중위소득 비율은 180%이며, 나는 생계·의료·주거급여를 받지 않는다. 교육급여 수급 여부는 밝히지 않았다. 이 범위의 요건을 충족한다.","","","","",""
