split,id,bundle,claim,reviewer_id,decision,evidence,uncertainty,adjudication
development,dev-age-income-1,dev-age-income,만 39세이고 가구 소득이 중위소득 150%인 나는 이 두 요건을 충족한다.,,,,,
development,dev-age-income-2,dev-age-income,만 40세인 나는 소득을 밝히지 않았어도 이 두 요건을 충족한다.,,,,,
development,dev-age-income-3,dev-age-income,만 25세이고 소득 정보가 없는 나는 이 두 요건을 충족하지 못한다.,,,,,
development,dev-subject-or-1,dev-subject-or,"나는 3개월, 부모는 3년 거주했다. 거주기간 요건을 충족한다.",,,,,
development,dev-subject-or-2,dev-subject-or,부모는 1년 거주했고 내 거주기간은 밝히지 않았다. 거주기간 요건을 충족한다.,,,,,
development,dev-subject-or-3,dev-subject-or,"나는 11개월, 부모는 35개월 거주했다. 거주기간 요건을 충족하지 않는다.",,,,,
development,dev-pledge-1,dev-pledge,나는 2년 거주했고 확약은 하지 않았다. 이 요건을 충족한다.,,,,,
development,dev-pledge-2,dev-pledge,나는 6개월 거주했고 거주확약을 했다. 이 요건을 충족한다.,,,,,
development,dev-pledge-3,dev-pledge,나는 거주확약을 했고 실제 거주기간은 밝히지 않았다. 이 요건을 충족한다.,,,,,
development,dev-benefits-1,dev-benefits,무주택인 나는 교육급여만 받고 주거급여와 생계급여는 받지 않는다. 이 제외요건을 통과한다.,,,,,
development,dev-benefits-2,dev-benefits,나는 주택을 소유하고 있고 급여 수급 여부는 밝히지 않았다. 이 제외요건을 통과한다.,,,,,
development,dev-benefits-3,dev-benefits,무주택인 나는 주거급여는 받지 않고 생계급여 여부는 밝히지 않았다. 이 제외요건을 통과한다.,,,,,
development,dev-foreign-1,dev-foreign,나는 외국 국적자이며 영주권이 있다. 이 국적 요건을 충족한다.,,,,,
development,dev-foreign-2,dev-foreign,나는 외국 국적자이며 영주권이 없다. 이 국적 요건을 충족하지 못한다.,,,,,
development,dev-foreign-3,dev-foreign,나는 국적을 밝히지 않았고 영주권은 없다. 이 국적 요건을 충족한다.,,,,,
development,dev-education-work-1,dev-education-work,대학을 중퇴한 나는 취업하여 주 19시간 일한다. 이 요건을 충족한다.,,,,,
development,dev-education-work-2,dev-education-work,대학을 졸업한 나는 취업하여 주 20시간 일한다. 이 요건을 충족한다.,,,,,
development,dev-education-work-3,dev-education-work,대학 휴학 중인 나는 미취업자이다. 이 요건을 충족하지 못한다.,,,,,
development,dev-money-1,dev-money,"내 계약은 보증금 0.8억원, 월세 60만원이다. 두 상한을 충족한다.",,,,,
development,dev-money-2,dev-money,"내 계약은 보증금 8천만원, 월세 61만원이다. 두 상한을 충족한다.",,,,,
development,dev-money-3,dev-money,내 월세는 50만원이고 보증금은 밝히지 않았다. 두 상한을 충족하지 못한다.,,,,,
development,dev-insufficient-1,dev-insufficient,내 가구 소득은 중위소득 120%이다. 소득 요건을 충족한다.,,,,,
development,dev-insufficient-2,dev-insufficient,내 가구 소득은 중위소득 180%이다. 소득 요건을 충족하지 못한다.,,,,,
development,dev-insufficient-3,dev-insufficient,내 연 소득은 3000만원이다. 소득 요건을 충족한다.,,,,,
official,dj-city-income-1,dj-city-income,신청일에 내 주민등록은 대전광역시이고 공고 방식으로 산정한 가구 중위소득 비율은 150%이다. 이 두 요건을 충족한다.,,,,,
official,dj-city-income-2,dj-city-income,신청일에 내 주민등록은 세종특별자치시이고 가구 중위소득 비율은 100%이다. 이 두 요건을 충족한다.,,,,,
official,dj-city-income-3,dj-city-income,부모의 주민등록은 대전광역시이다. 내 주민등록 도시는 밝히지 않았고 내 가구 중위소득 비율은 140%이다. 나는 이 두 요건을 충족한다.,,,,,
official,dj-city-income-4,dj-city-income,신청일에 내 주민등록은 대전광역시이고 가구 중위소득 비율은 151%이다. 이 두 요건을 충족하지 못한다.,,,,,
official,dj-benefits-1,dj-benefits,나는 의료급여만 받고 생계급여와 주거급여는 받지 않는다. 이 급여 제외요건을 통과한다.,,,,,
official,dj-benefits-2,dj-benefits,나는 교육급여만 받고 생계·의료·주거급여는 받지 않는다. 이 급여 제외요건을 통과한다.,,,,,
official,dj-benefits-3,dj-benefits,나는 생계급여와 주거급여를 받지 않지만 의료급여 여부는 밝히지 않았다. 이 급여 제외요건을 통과한다.,,,,,
official,dj-benefits-4,dj-benefits,나는 생계·의료·주거급여를 모두 받지 않는다. 이 급여 제외요건을 통과하지 못한다.,,,,,
official,dj-city-benefits-1,dj-city-benefits,내 주민등록은 신청일에 대전광역시이며 교육급여만 받고 생계·의료·주거급여는 받지 않는다. 이 두 종류의 요건을 충족한다.,,,,,
official,dj-city-benefits-2,dj-city-benefits,내 주민등록은 신청일에 대전광역시이며 생계급여를 받고 다른 급여 여부는 밝히지 않았다. 이 두 종류의 요건을 충족한다.,,,,,
official,dj-city-benefits-3,dj-city-benefits,신청일 내 주민등록 도시는 밝히지 않았다. 생계·의료·주거급여는 받지 않는다. 이 두 종류의 요건을 충족한다.,,,,,
official,dj-city-benefits-4,dj-city-benefits,내 주민등록은 신청일에 부산광역시이고 급여 여부는 밝히지 않았다. 이 두 종류의 요건을 충족하지 못한다.,,,,,
official,dj-foreign-1,dj-foreign,나는 외국 국적자이고 대한민국 영주권이 있다. 이 외국 국적 제외요건을 통과한다.,,,,,
official,dj-foreign-2,dj-foreign,나는 외국 국적자가 아니며 대한민국 국적자이다. 이 외국 국적 제외요건을 통과한다.,,,,,
official,dj-foreign-3,dj-foreign,나는 영주권이 없으며 국적은 밝히지 않았다. 이 외국 국적 제외요건을 통과한다.,,,,,
official,dj-foreign-4,dj-foreign,나는 외국 국적자이다. 이 외국 국적 제외요건을 통과하지 못한다.,,,,,
official,gj-city-age-income-1,gj-city-age-income,"공고일에 내 주민등록은 광주광역시, 만 나이는 39세이고 지정한 방식으로 산정한 가구 중위소득 비율은 150%이다. 이 세 요건을 충족한다.",,,,,
official,gj-city-age-income-2,gj-city-age-income,"공고일에 내 주민등록은 광주광역시, 만 나이는 18세이고 가구 중위소득 비율은 100%이다. 이 세 요건을 충족한다.",,,,,
official,gj-city-age-income-3,gj-city-age-income,공고일에 내 주민등록은 광주광역시이고 만 25세이다. 가구 소득 정보는 없다. 이 세 요건을 충족하지 못한다.,,,,,
official,gj-city-age-income-4,gj-city-age-income,공고일에 내 주민등록은 경기도 광주시이며 만 30세이고 가구 중위소득 비율은 120%이다. 이 세 요건을 충족하지 못한다.,,,,,
official,gj-benefits-1,gj-benefits,나는 의료급여만 받고 생계급여와 주거급여는 받지 않는다. 이 급여 제외요건을 통과한다.,,,,,
official,gj-benefits-2,gj-benefits,나는 주거급여와 생계급여를 함께 받는다. 이 급여 제외요건을 통과한다.,,,,,
official,gj-benefits-3,gj-benefits,나는 의료급여를 받지 않고 생계급여 여부는 밝히지 않았다. 이 급여 제외요건을 통과한다.,,,,,
official,gj-benefits-4,gj-benefits,나는 조건부 생계급여를 받고 있다. 이 급여 제외요건을 통과하지 못한다.,,,,,
official,gj-work-1,gj-work,나는 고용보험에 가입한 단기 상용근로자이고 주 29시간 근무한다. 이 근로시간 요건을 충족한다.,,,,,
official,gj-work-2,gj-work,나는 고용보험에 가입한 상용근로자이고 주 30시간 근무한다. 이 근로시간 요건을 충족한다.,,,,,
official,gj-work-3,gj-work,나는 고용보험에 가입한 상용근로자이지만 주당 근로시간은 밝히지 않았다. 이 근로시간 요건을 충족한다.,,,,,
official,gj-work-4,gj-work,나는 미취업자이며 고용보험에 가입되어 있지 않다. 이 근로시간 요건을 충족하지 못한다.,,,,,
official,gj-education-work-1,gj-education-work,나는 일반 대학을 중퇴했고 고용보험에 가입한 단기 상용근로자로 주 29시간 일한다. 이 학력·근로 요건을 충족한다.,,,,,
official,gj-education-work-2,gj-education-work,나는 일반 대학 휴학생이며 미취업자로 고용보험에 가입되어 있지 않다. 이 학력·근로 요건을 충족한다.,,,,,
official,gj-education-work-3,gj-education-work,나는 일반 대학을 수료했고 고용보험에 가입한 상용근로자이나 주당 근로시간은 밝히지 않았다. 이 학력·근로 요건을 충족한다.,,,,,
official,gj-education-work-4,gj-education-work,나는 일반 대학 졸업자이고 고용보험에 가입한 상용근로자로 주 30시간 일한다. 이 학력·근로 요건을 충족하지 못한다.,,,,,
composition,mix-age-or-income-1,mix-age-or-income,"나는 만 23세, 가구 중위소득 180%이며 본인 거주기간은 1년 6개월이다. 이 요건을 충족한다.",,,,,
composition,mix-age-or-income-2,mix-age-or-income,"나는 만 22세이며 가구 중위소득 100%, 본인 거주기간 24개월이다. 이 요건을 충족한다.",,,,,
composition,mix-age-or-income-3,mix-age-or-income,나는 만 30세이고 가구 중위소득 131%이다. 부모는 24개월 거주했으며 내 거주기간은 밝히지 않았다. 이 요건을 충족한다.,,,,,
composition,mix-age-or-income-4,mix-age-or-income,나는 만 25세이고 가구 중위소득은 130%이다. 거주기간 정보는 없다. 이 요건을 충족하지 못한다.,,,,,
composition,mix-exception-benefit-1,mix-exception-benefit,나는 외국 국적자이고 영주권이 있으며 생계급여를 받지 않는다. 이 두 제외요건을 통과한다.,,,,,
composition,mix-exception-benefit-2,mix-exception-benefit,나는 외국 국적자이고 영주권이 있지만 생계급여를 받는다. 이 두 제외요건을 통과한다.,,,,,
composition,mix-exception-benefit-3,mix-exception-benefit,나는 외국 국적자이고 영주권이 있다. 생계급여 여부는 밝히지 않았다. 이 두 제외요건을 통과한다.,,,,,
composition,mix-exception-benefit-4,mix-exception-benefit,나는 외국 국적자가 아니고 영주권이 없으며 생계급여도 받지 않는다. 이 두 제외요건을 통과하지 못한다.,,,,,
composition,mix-date-money-1,mix-date-money,나는 2025년 6월 1일에 가입했고 보증금은 0.9억원이다. 이 상한을 충족한다.,,,,,
composition,mix-date-money-2,mix-date-money,나는 2025년 5월 31일에 가입했고 보증금은 8천만원이다. 이 상한을 충족한다.,,,,,
composition,mix-date-money-3,mix-date-money,나는 2025년 6월 2일에 신청했고 가입일은 밝히지 않았다. 보증금은 8천만원이다. 이 상한을 충족한다.,,,,,
composition,mix-date-money-4,mix-date-money,나는 가입일을 밝히지 않았고 보증금은 7천만원이다. 이 상한을 충족한다.,,,,,
composition,mix-parent-or-pledge-1,mix-parent-or-pledge,나는 무주택이고 부모의 거주기간은 2년 6개월이며 거주확약은 하지 않았다. 이 요건을 충족한다.,,,,,
composition,mix-parent-or-pledge-2,mix-parent-or-pledge,나는 주택 소유자이며 거주확약을 했다. 부모의 거주기간은 밝히지 않았다. 이 요건을 충족한다.,,,,,
composition,mix-parent-or-pledge-3,mix-parent-or-pledge,나는 무주택이며 본인은 30개월 거주했고 거주확약은 하지 않았다. 부모의 거주기간은 밝히지 않았다. 이 요건을 충족한다.,,,,,
composition,mix-parent-or-pledge-4,mix-parent-or-pledge,나는 무주택이며 거주확약을 했다. 부모의 거주기간은 밝히지 않았다. 이 요건을 충족하지 못한다.,,,,,
composition,mix-age-partition-1,mix-age-partition,내 나이는 밝히지 않았고 가구 중위소득은 125%이다. 이 요건을 충족한다.,,,,,
composition,mix-age-partition-2,mix-age-partition,내 나이는 밝히지 않았고 가구 중위소득은 126%이다. 이 요건을 충족한다.,,,,,
composition,mix-age-partition-3,mix-age-partition,나는 만 27세이며 가구 소득을 밝히지 않았다. 이 요건을 충족한다.,,,,,
composition,mix-age-partition-4,mix-age-partition,내 나이는 밝히지 않았고 가구 중위소득은 100%이다. 이 요건을 충족하지 못한다.,,,,,
composition,mix-impossible-1,mix-impossible,내 가구 소득 정보는 없다. 이 두 조건을 동시에 충족한다.,,,,,
composition,mix-impossible-2,mix-impossible,내 가구 중위소득은 130%이다. 이 두 조건을 동시에 충족한다.,,,,,
composition,mix-impossible-3,mix-impossible,내 가구 소득 정보는 없다. 이 두 조건을 동시에 충족하지 못한다.,,,,,
composition,mix-impossible-4,mix-impossible,내 가구 중위소득은 120%이다. 이 두 조건을 동시에 충족하지 못한다.,,,,,
composition,mix-education-or-1,mix-education-or,나는 수료자이며 주 40시간 임금근로를 한다. 이 요건을 충족한다.,,,,,
composition,mix-education-or-2,mix-education-or,나는 졸업자이며 주 16시간 임금근로를 한다. 이 요건을 충족한다.,,,,,
composition,mix-education-or-3,mix-education-or,나는 졸업자이며 임금근로를 하지만 주당 시간은 밝히지 않았다. 이 요건을 충족한다.,,,,,
composition,mix-education-or-4,mix-education-or,나는 수료자이며 취업 상태를 밝히지 않았다. 이 요건을 충족하지 못한다.,,,,,
composition,mix-unavailable-1,mix-unavailable,내 보증금은 500만원이다. 이 상한을 충족한다.,,,,,
composition,mix-unavailable-2,mix-unavailable,내 보증금은 2억원이다. 이 상한을 충족하지 못한다.,,,,,
composition,mix-unavailable-3,mix-unavailable,내 월세는 45만원이며 보증금은 밝히지 않았다. 이 상한을 충족한다.,,,,,
composition,mix-unavailable-4,mix-unavailable,내 보증금은 0원이다. 이 상한을 충족한다.,,,,,
capability,cap-rent-1,cap-rent,"내 보증금은 1억원, 월세는 60만원이다. 이 금액 요건을 충족한다.",,,,,
capability,cap-rent-2,cap-rent,"내 보증금은 2천만원, 월세는 70만원이다. 이 금액 요건을 충족한다.",,,,,
capability,cap-rent-3,cap-rent,"내 보증금은 2400만원, 월세는 70만원이다. 이 금액 요건을 충족한다.",,,,,
capability,cap-rent-4,cap-rent,"내 보증금은 2400만 240원, 월세는 70만원이다. 이 금액 요건을 충족한다.",,,,,
capability,cap-rent-5,cap-rent,"내 보증금은 2천만원, 월세는 75만원이다. 이 금액 요건을 충족하지 못한다.",,,,,
capability,cap-rent-6,cap-rent,내 보증금은 밝히지 않았고 월세는 70만원이다. 이 금액 요건을 충족한다.,,,,,
capability,cap-rent-7,cap-rent,"내 보증금은 0.8억원, 월세는 60만원이다. 이 금액 요건을 충족하지 못한다.",,,,,
capability,cap-rent-8,cap-rent,"내 보증금은 1억 1천만원, 월세는 60만원이다. 이 금액 요건을 충족한다.",,,,,
capability,cap-education-1,cap-education,나는 현재 사이버대학에 재학 중이고 이전에 고등학교를 졸업했다. 이 학력 요건을 충족한다.,,,,,
capability,cap-education-2,cap-education,나는 현재 일반 국내 대학에 재학 중이고 이전에 고등학교를 졸업했다. 졸업예정자는 아니다. 이 학력 요건을 충족한다.,,,,,
capability,cap-education-3,cap-education,나는 현재 학점은행제 재학생이며 이전 학교 졸업 사실은 밝히지 않았다. 이 학력 요건을 충족한다.,,,,,
capability,cap-education-4,cap-education,나는 일반 국내 대학에서 2025년 2월 졸업예정자이며 현재 과정의 수료증명서를 발급받을 수 있다. 이 학력 요건을 충족한다.,,,,,
capability,cap-education-5,cap-education,나는 일반 국내 대학에서 2025년 2월 졸업예정자이며 현재 과정의 수료증명서를 발급받을 수 없다. 이 학력 요건을 충족한다.,,,,,
capability,cap-education-6,cap-education,나는 현재 방송통신대학 재학생이며 이전 고교·대학·대학원 졸업 사실은 없다. 이 학력 요건을 충족한다.,,,,,
capability,cap-education-7,cap-education,나는 일반 국내 대학을 졸업했다. 현재 재학 중인 학교는 없다. 이 학력 요건을 충족한다.,,,,,
capability,cap-education-8,cap-education,나는 현재 사이버대학 재학생이며 이전에 고등학교를 졸업했다. 이 학력 요건을 충족하지 못한다.,,,,,
