condition,seed,dataset,accuracy,macro_f1,complete_group_rate
base,17,klue_official_dev,0.8476666666666667,0.847477506738417,0.624
base,17,policy_evaluation,0.4398148148148148,0.42900228453428185,0.08680555555555555
base,17,policy_validation,0.4652777777777778,0.46076922415655247,0.0763888888888889
base,17,official_cases,0.7777777777777778,0.7714285714285715,0.3333333333333333
base,17,known_pilot,0.6792452830188679,0.6770025839793282,0.6792452830188679
base,42,klue_official_dev,0.8526666666666667,0.8523785006544834,0.636
base,42,policy_evaluation,0.41898148148148145,0.40886676383102794,0.08333333333333333
base,42,policy_validation,0.4976851851851852,0.4957754405163774,0.09027777777777778
base,42,official_cases,0.7222222222222222,0.7202797202797203,0.16666666666666666
base,42,known_pilot,0.660377358490566,0.6614420062695925,0.660377358490566
base,2026,klue_official_dev,0.8453333333333334,0.844875487845801,0.619
base,2026,policy_evaluation,0.4513888888888889,0.4424333050414455,0.06597222222222222
base,2026,policy_validation,0.5277777777777778,0.5333301183992719,0.09722222222222222
base,2026,official_cases,0.7222222222222222,0.7202797202797203,0.3333333333333333
base,2026,known_pilot,0.6981132075471698,0.68999180999181,0.6981132075471698
control,17,klue_official_dev,0.8396666666666667,0.8390886037468661,0.605
control,17,policy_evaluation,0.4386574074074074,0.42183342062198464,0.09027777777777778
control,17,policy_validation,0.4791666666666667,0.47000016313775766,0.13194444444444445
control,17,official_cases,0.8333333333333334,0.8321678321678322,0.5
control,17,known_pilot,0.7358490566037735,0.7328042328042329,0.7358490566037735
control,42,klue_official_dev,0.8473333333333334,0.8470343220984464,0.619
control,42,policy_evaluation,0.4386574074074074,0.42626426850093707,0.0763888888888889
control,42,policy_validation,0.5185185185185185,0.5178564082673671,0.10416666666666667
control,42,official_cases,0.7222222222222222,0.7202797202797203,0.3333333333333333
control,42,known_pilot,0.6981132075471698,0.699346405228758,0.6981132075471698
control,2026,klue_official_dev,0.85,0.8498019811725767,0.633
control,2026,policy_evaluation,0.4398148148148148,0.43668881832924694,0.07291666666666667
control,2026,policy_validation,0.5300925925925926,0.5309737960827013,0.11805555555555555
control,2026,official_cases,0.6666666666666666,0.6523809523809524,0.3333333333333333
control,2026,known_pilot,0.6981132075471698,0.6925064599483205,0.6981132075471698
augmentation,17,klue_official_dev,0.848,0.84771561153198,0.626
augmentation,17,policy_evaluation,0.6689814814814815,0.6579933519215216,0.3506944444444444
augmentation,17,policy_validation,0.7824074074074074,0.7799019607843137,0.5
augmentation,17,official_cases,0.7222222222222222,0.7037037037037036,0.16666666666666666
augmentation,17,known_pilot,0.7169811320754716,0.7244152046783624,0.7169811320754716
augmentation,42,klue_official_dev,0.8476666666666667,0.8473440977672229,0.618
augmentation,42,policy_evaluation,0.5613425925925926,0.5273748780615309,0.13541666666666666
augmentation,42,policy_validation,0.7754629629629629,0.7676886029595115,0.4930555555555556
augmentation,42,official_cases,0.7777777777777778,0.7714285714285715,0.3333333333333333
augmentation,42,known_pilot,0.7169811320754716,0.7222222222222222,0.7169811320754716
augmentation,2026,klue_official_dev,0.8493333333333334,0.8492191045022145,0.629
augmentation,2026,policy_evaluation,0.5763888888888888,0.5514386425242646,0.16666666666666666
augmentation,2026,policy_validation,0.7685185185185185,0.7621058768083516,0.5
augmentation,2026,official_cases,0.7222222222222222,0.7128205128205128,0.3333333333333333
augmentation,2026,known_pilot,0.7547169811320755,0.757438639791581,0.7547169811320755
