document,field,reviewer_id,value,support_pages,scope_notes,disagreement
seoul_rent2025,age,,,,,
seoul_rent2025,birth,,,,,
seoul_rent2025,income,,,,,
seoul_rent2025,welfare,,,,,
seoul_culture2025,age,,,,,
seoul_culture2025,birth,,,,,
seoul_culture2025,income,,,,,
seoul_culture2025,welfare,,,,,
gyeonggi_interview2025,age,,,,,
gyeonggi_interview2025,birth,,,,,
gyeonggi_interview2025,income,,,,,
gyeonggi_interview2025,welfare,,,,,
busan_didimdol2025,age,,,,,
busan_didimdol2025,birth,,,,,
busan_didimdol2025,income,,,,,
busan_didimdol2025,welfare,,,,,
