model,seed,training_joint,evaluation_joint,official_axes,threshold,accepted,wrong,official_accepted,official_wrong,evidence_character_f1,distractor_joint,unit_joint
flat,17,1.0,0.7065972222222222,0.25,0.66,314,26,8,7,0.0,0.0,0.0
flat,42,1.0,0.8177083333333334,0.16666666666666666,0.0,576,105,12,11,0.0,0.010416666666666666,0.0
flat,2026,1.0,0.7361111111111112,0.16666666666666666,0.0,576,152,12,11,0.0,0.0,0.0
factor,17,1.0,0.8350694444444444,0.3333333333333333,0.66,355,17,9,8,0.0,0.0,0.0
factor,42,1.0,0.9131944444444444,0.25,0.0,576,50,12,11,0.0,0.019097222222222224,0.0
factor,2026,1.0,0.8975694444444444,0.25,0.0,576,59,12,10,0.0,0.0,0.0
evidence,17,1.0,0.8333333333333334,0.25,0.66,373,18,8,7,0.9886804657179818,0.0,0.0
evidence,42,1.0,0.9114583333333334,0.25,0.0,576,51,12,11,0.9877755889575519,0.024305555555555556,0.0
evidence,2026,1.0,0.9045138888888888,0.25,0.0,576,55,12,10,0.9831487982716716,0.0,0.0
