id,text,relation,previous_quote,current_quote,reason_quote,ambiguity,reviewer
6a6f96f6a3dd1095,2051년 E012가상사업의 지원 예산 총액 관련 공지: 최초 표기 632억원 → 최종 표기 6320000만 원. 두 숫자의 차이는 단위에 따른 것으로 예산 총량은 동일하다. 참고로 별도 시설의 운영비는 72300000000원이다.,,,,,,
300647b80103438c,참고로 별도 시설의 운영비는 0.0748조 원이다. 2052년 E037가상사업의 지원 예산 총액의 최종 표기부터 확인하면 65700000000원이다. 최초 표기에는 6570000만 원이라고 적혀 있다. 표현 단위를 달리한 것일 뿐 금전적 규모에는 변화가 없다.,,,,,,
3e433f76068475b2,"참고로 별도 시설의 운영비는 0.0728조 원이다. 2053년 E017가상사업의 지원 예산 총액. 앞선 금액은 당시 정확했지만 이후 재정 편성 변경으로 규모를 조정했다. 새 안내에는 65200000000원이라고 썼으며, 옛 안내에는 6370000만 원이라고 썼다.",,,,,,
08ef6843f9e2ef7f,2051년 E030가상사업의 지원 예산 총액. 오기를 고치는 작업이 아니라 새 정책 결정에 따라 지급 규모를 바꾼 것이다. 옛 안내의 금액(65000000000원)과 새 안내의 금액(0.0660조 원)을 나란히 제시한다. 참고로 별도 시설의 운영비는 741억원이다.,,,,,,
ad51dc8caf9f5242,"2052년 E034가상사업의 지원 예산 총액 관련 공지: 최초 표기 65400000000원 → 최종 표기 0.0668조 원. 실제 공고가 아닌, 수치 오류를 정정할 경우의 가상 사례다. 참고로 별도 시설의 운영비는 745억원이다.",,,,,,
36ee0c4a4c954fc1,2053년 E038가상사업의 지원 예산 총액 관련 공지: 최초 표기 65800000000원 → 최종 표기 0.0667조 원. 최초 표기가 틀려서 정정한 것이 아니다. 지원 규모 변경을 최종 의결한 결과다. 참고로 별도 시설의 운영비는 749억원이다.,,,,,,
ce5c383cf561cdf9,참고로 별도 시설의 운영비는 0.0744조 원이다. 2051년 E033가상사업의 지원 예산 총액 관련 공지: 최초 표기 6530000만 원 → 최종 표기 66600000000원. 오기 정정이 있었다는 주장은 부인됐다. 제시한 최종액도 확인되지 않았다.,,,,,,
1e9047ebc39bc6fe,"2051년 E018가상사업의 지원 예산 총액. 전달 과정에서 잘못 쓴 금액을 바로잡은 것으로, 정책 변경은 아니다. 옛 안내의 금액(63800000000원)과 새 안내의 금액(0.0645조 원)을 나란히 제시한다. 참고로 별도 시설의 운영비는 729억원이다.",,,,,,
5556957f5c4c0bae,"참고로 별도 시설의 운영비는 0.0756조 원이다. 2051년 E045가상사업의 지원 예산 총액. 전달 과정에서 잘못 쓴 금액을 바로잡은 것으로, 정책 변경은 아니다. 옛 안내의 금액(6650000만 원)과 새 안내의 금액(67200000000원)을 나란히 제시한다.",,,,,,
3c5b2973b6468a1b,참고로 별도 시설의 운영비는 7180000만 원이다. 2052년 E007가상사업의 지원 예산 총액. 오기를 고치는 작업이 아니라 새 정책 결정에 따라 지급 규모를 바꾼 것이다. 옛 안내의 금액(0.0627조 원)과 새 안내의 금액(641억원)을 나란히 제시한다.,,,,,,
ff191ef755b4a4d7,2052년 E016가상사업의 지원 예산 총액 관련 공지: 최초 표기 636억원 → 최종 표기 6500000만 원. 예산을 새로 바꾼 것이 아니라 최초 안내의 오기임을 밝혀 수정한 결과다. 참고로 별도 시설의 운영비는 72700000000원이다.,,,,,,
31f2cd5de2078692,"2051년 E018가상사업의 지원 예산 총액. 앞선 금액은 당시 정확했지만 이후 재정 편성 변경으로 규모를 조정했다. 새 안내에는 0.0645조 원이라고 썼으며, 옛 안내에는 63800000000원이라고 썼다. 참고로 별도 시설의 운영비는 729억원이다.",,,,,,
8c5bf6a7555caa1e,2053년 E026가상사업의 지원 예산 총액의 최종 표기부터 확인하면 0.0661조 원이다. 최초 표기에는 64600000000원이라고 적혀 있다. 사업 조정안이 확정되면서 재원 규모가 달라졌다. 참고로 별도 시설의 운영비는 737억원이다.,,,,,,
6a74e248d05fd918,"2052년 E010가상사업의 지원 예산 총액. 종전 문서에 수치 오류가 있었으므로 올바른 금액으로 고쳐 적었다. 새 안내에는 0.0638조 원이라고 썼으며, 옛 안내에는 63000000000원이라고 썼다. 참고로 별도 시설의 운영비는 721억원이다.",,,,,,
579c2d4ca5500324,"2053년 E020가상사업의 지원 예산 총액의 최종 표기부터 확인하면 6490000만 원이다. 최초 표기에는 640억원이라고 적혀 있다. 둘 중 어느 금액이 맞는지, 왜 다른지 알 수 없다. 참고로 별도 시설의 운영비는 73100000000원이다.",,,,,,
55cf29882fe28c07,2051년 E012가상사업의 지원 예산 총액. 오기 수정도 실제 증감도 없으며 단위만 변환한 동등한 표기다. 옛 안내의 금액(632억원)과 새 안내의 금액(6320000만 원)을 나란히 제시한다. 참고로 별도 시설의 운영비는 72300000000원이다.,,,,,,
c471ba0fcfb822e3,참고로 별도 시설의 운영비는 7380000만 원이다. 2051년 E027가상사업의 지원 예산 총액 관련 공지: 최초 표기 0.0647조 원 → 최종 표기 654억원. 예산 변경 방안을 제안했지만 아직 의결되지 않았다.,,,,,,
9a997f03fb17e758,참고로 별도 시설의 운영비는 0.0712조 원이다. 2052년 E001가상사업의 지원 예산 총액의 최종 표기부터 확인하면 62900000000원이다. 최초 표기에는 6210000만 원이라고 적혀 있다. 담당 부서는 최초 표기가 오기였다고 확인했다. 이에 정정한 수치다.,,,,,,
9824687240fa00a8,참고로 별도 시설의 운영비는 7300000만 원이다. 2052년 E019가상사업의 지원 예산 총액의 최종 표기부터 확인하면 647억원이다. 최초 표기에는 0.0639조 원이라고 적혀 있다. 추가 재원 편성은 논의 중이며 확정한 바 없다.,,,,,,
a7aacc1246aadc93,2051년 E024가상사업의 지원 예산 총액의 최종 표기부터 확인하면 6570000만 원이다. 최초 표기에는 644억원이라고 적혀 있다. 담당 부서는 최초 표기가 오기였다고 확인했다. 이에 정정한 수치다. 참고로 별도 시설의 운영비는 73500000000원이다.,,,,,,
73ad1fbe250542dd,"참고로 별도 시설의 운영비는 0.0748조 원이다. 2052년 E037가상사업의 지원 예산 총액. 정정한 적이 없다는 해명이다. 현재 금액 역시 확인되지 않은 상태다. 새 안내에는 66500000000원이라고 썼으며, 옛 안내에는 6570000만 원이라고 썼다.",,,,,,
00ae827e11e5f600,참고로 별도 시설의 운영비는 7260000만 원이다. 2051년 E015가상사업의 지원 예산 총액 관련 공지: 최초 표기 0.0635조 원 → 최종 표기 635억원. 두 숫자의 차이는 단위에 따른 것으로 예산 총량은 동일하다.,,,,,,
a8ebc831f60ee58b,2053년 E014가상사업의 지원 예산 총액의 최종 표기부터 확인하면 0.0646조 원이다. 최초 표기에는 63400000000원이라고 적혀 있다. 정정이 발생한다면 어떻게 표시할지 보여 주는 연습 자료다. 참고로 별도 시설의 운영비는 725억원이다.,,,,,,
9da0faa1ee76d289,"참고로 별도 시설의 운영비는 7580000만 원이다. 2053년 E047가상사업의 지원 예산 총액. 사업 조정안이 제출됐을 뿐 최종 결정은 나지 않았다. 새 안내에는 676억원이라고 썼으며, 옛 안내에는 0.0667조 원이라고 썼다.",,,,,,
c3f99fc545ecb5d3,"2051년 E018가상사업의 지원 예산 총액. 숫자 표기 모양은 다르지만 환산하면 동일한 액수다. 새 안내에는 0.0638조 원이라고 썼으며, 옛 안내에는 63800000000원이라고 썼다. 참고로 별도 시설의 운영비는 729억원이다.",,,,,,
1c16a6ef80b2f4d3,참고로 별도 시설의 운영비는 0.0724조 원이다. 2052년 E013가상사업의 지원 예산 총액 관련 공지: 최초 표기 6330000만 원 → 최종 표기 64400000000원. 최초 표기가 틀려서 정정한 것이 아니다. 지원 규모 변경을 최종 의결한 결과다.,,,,,,
4dd7bb56265ecbc1,2053년 E032가상사업의 지원 예산 총액 관련 공지: 최초 표기 652억원 → 최종 표기 6640000만 원. 최초와 최종이라는 이름만 붙였을 뿐 두 값의 차이와 유효 여부를 밝히지 않았다. 참고로 별도 시설의 운영비는 74300000000원이다.,,,,,,
281650694c929e68,참고로 별도 시설의 운영비는 7460000만 원이다. 2053년 E035가상사업의 지원 예산 총액. 지원액 조정은 검토 대상이며 승인된 정책이 아니다. 옛 안내의 금액(0.0655조 원)과 새 안내의 금액(670억원)을 나란히 제시한다.,,,,,,
44219d2503cd82e4,참고로 별도 시설의 운영비는 0.0744조 원이다. 2051년 E033가상사업의 지원 예산 총액의 최종 표기부터 확인하면 66600000000원이다. 최초 표기에는 6530000만 원이라고 적혀 있다. 사업 조정안이 확정되면서 재원 규모가 달라졌다.,,,,,,
3a39022ea2d0e90c,"참고로 별도 시설의 운영비는 0.0712조 원이다. 2052년 E001가상사업의 지원 예산 총액. 종전 문서에 수치 오류가 있었으므로 올바른 금액으로 고쳐 적었다. 새 안내에는 62900000000원이라고 썼으며, 옛 안내에는 6210000만 원이라고 썼다.",,,,,,
530863116fc0f06d,"참고로 별도 시설의 운영비는 7380000만 원이다. 2051년 E027가상사업의 지원 예산 총액. 숫자 표기 모양은 다르지만 환산하면 동일한 액수다. 새 안내에는 647억원이라고 썼으며, 옛 안내에는 0.0647조 원이라고 썼다.",,,,,,
016194df6f353597,2051년 E018가상사업의 지원 예산 총액의 최종 표기부터 확인하면 0.0638조 원이다. 최초 표기에는 63800000000원이라고 적혀 있다. 표현 단위를 달리한 것일 뿐 금전적 규모에는 변화가 없다. 참고로 별도 시설의 운영비는 729억원이다.,,,,,,
35d7cb9a7498abd8,"2053년 E026가상사업의 지원 예산 총액. 정정 절차를 설명하려고 만든 가상 공고로 실제 금액을 나타내지 않는다. 새 안내에는 0.0661조 원이라고 썼으며, 옛 안내에는 64600000000원이라고 썼다. 참고로 별도 시설의 운영비는 737억원이다.",,,,,,
0dad0b20ae897a0e,참고로 별도 시설의 운영비는 0.0740조 원이다. 2053년 E029가상사업의 지원 예산 총액의 최종 표기부터 확인하면 65800000000원이다. 최초 표기에는 6490000만 원이라고 적혀 있다. 지원액을 바꾸었다는 설명은 사실무근이며 최종액도 미정이다.,,,,,,
7b61a3403d334d75,2053년 E026가상사업의 지원 예산 총액. 정책이 변경된다는 전제 아래 만든 예시이지 결정된 정책이 아니다. 옛 안내의 금액(64600000000원)과 새 안내의 금액(0.0661조 원)을 나란히 제시한다. 참고로 별도 시설의 운영비는 737억원이다.,,,,,,
26c40afff3644265,참고로 별도 시설의 운영비는 0.0756조 원이다. 2051년 E045가상사업의 지원 예산 총액 관련 공지: 최초 표기 6650000만 원 → 최종 표기 67200000000원. 예산을 새로 바꾼 것이 아니라 최초 안내의 오기임을 밝혀 수정한 결과다.,,,,,,
75d7d80b00b2f964,참고로 별도 시설의 운영비는 0.0736조 원이다. 2052년 E025가상사업의 지원 예산 총액. 수치를 고쳐 적었다는 보도는 사실이 아니고 새 금액도 정해지지 않았다. 옛 안내의 금액(6450000만 원)과 새 안내의 금액(65900000000원)을 나란히 제시한다.,,,,,,
792a5e910d0ed40f,참고로 별도 시설의 운영비는 0.0744조 원이다. 2051년 E033가상사업의 지원 예산 총액. 오기 수정도 실제 증감도 없으며 단위만 변환한 동등한 표기다. 옛 안내의 금액(6530000만 원)과 새 안내의 금액(65300000000원)을 나란히 제시한다.,,,,,,
f4c122759f267677,2051년 E036가상사업의 지원 예산 총액. 두 기재의 관계나 유효성에 관한 해설은 빠져 있다. 옛 안내의 금액(656억원)과 새 안내의 금액(6630000만 원)을 나란히 제시한다. 참고로 별도 시설의 운영비는 74700000000원이다.,,,,,,
3cb04eec4684492b,"2051년 E024가상사업의 지원 예산 총액. 금액 차이만 보일 뿐 원인과 유효한 쪽은 확인할 수 없다. 새 안내에는 6570000만 원이라고 썼으며, 옛 안내에는 644억원이라고 썼다. 참고로 별도 시설의 운영비는 73500000000원이다.",,,,,,
