reviewer_id,case_id,version,housing_reading,welfare_reading,selected_result,evidence_locator,disagreement_note
,housing_expansion,2022,,,,,
,housing_expansion,2023,,,,,
,welfare_exclusion,2022,,,,,
,welfare_exclusion,2023,,,,,
,old_exception,2022,,,,,
,old_exception,2023,,,,,
,rounding_question,2022,,,,,
,rounding_question,2023,,,,,
,missing_deposit,2022,,,,,
,missing_deposit,2023,,,,,
,missing_benefit,2022,,,,,
,missing_benefit,2023,,,,,
,decisive_exclusion,2022,,,,,
,decisive_exclusion,2023,,,,,
,new_boundary,2022,,,,,
,new_boundary,2023,,,,,
,new_boundary_plus,2022,,,,,
,new_boundary_plus,2023,,,,,
,old_deposit_plus,2022,,,,,
,old_deposit_plus,2023,,,,,
,both_excluded,2022,,,,,
,both_excluded,2023,,,,,
,education,2022,,,,,
,education,2023,,,,,
,table_below,2022,,,,,
,table_below,2023,,,,,
,table_above,2022,,,,,
,table_above,2023,,,,,
