dataset,id,claim,source_reference,reviewer_id,decision,evidence,uncertainty,adjudication
development,mixed-money-base,내 보증금은 2400만 240원이다. 이 요건을 충족한다.,mixed-money,,,,,
development,mixed-money-preserve,"내 보증금은 24,000,240원이다. 이 요건을 충족한다.",mixed-money,,,,,
development,mixed-money-change,내 보증금은 2400만원이다. 이 요건을 충족한다.,mixed-money,,,,,
development,mixed-money-unknown,부모의 보증금은 2400만 240원이고 내 보증금은 밝히지 않았다. 이 요건을 충족한다.,mixed-money,,,,,
development,decimal-money-base,내 월세는 75만원이다. 이 요건을 충족한다.,decimal-money,,,,,
development,decimal-money-preserve,내 월세는 0.0075억원이다. 이 요건을 충족한다.,decimal-money,,,,,
development,decimal-money-change,내 월세는 74만 9999원이다. 이 요건을 충족한다.,decimal-money,,,,,
development,decimal-money-unknown,내 월세는 밝히지 않았다. 이 요건을 충족한다.,decimal-money,,,,,
development,money-polarity-base,"내 보증금은 0.9억원, 월세는 70만원이다. 이 요건을 충족한다.",money-polarity,,,,,
development,money-polarity-preserve,"내 보증금은 9천만원, 월세는 700,000원이다. 이 요건을 충족한다.",money-polarity,,,,,
development,money-polarity-change,"내 보증금은 0.9억원, 월세는 70만원이다. 이 요건을 충족하지 못한다.",money-polarity,,,,,
development,money-polarity-unknown,"내 보증금은 0.9억원, 월세는 밝히지 않았다. 이 요건을 충족한다.",money-polarity,,,,,
development,subject-base,나는 24개월 연속 거주했다. 이 요건을 충족한다.,subject,,,,,
development,subject-preserve,나는 2년간 연속 거주했다. 이 요건을 충족한다.,subject,,,,,
development,subject-change,나는 23개월 연속 거주했다. 이 요건을 충족한다.,subject,,,,,
development,subject-unknown,부모는 24개월 연속 거주했고 내 거주기간은 밝히지 않았다. 이 요건을 충족한다.,subject,,,,,
development,age-boundary-base,나는 만 39세이다. 이 요건을 충족한다.,age-boundary,,,,,
development,age-boundary-preserve,내 만 나이는 39년이다. 이 요건을 충족한다.,age-boundary,,,,,
development,age-boundary-change,나는 만 40세이다. 이 요건을 충족한다.,age-boundary,,,,,
development,age-boundary-unknown,부모는 만 39세이고 내 만 나이는 밝히지 않았다. 이 요건을 충족한다.,age-boundary,,,,,
development,and-both-base,나는 24개월 거주했고 가구 중위소득 비율은 121%이다. 이 요건을 충족한다.,and-both,,,,,
development,and-both-preserve,가구 중위소득 비율은 121%이며 나는 2년 거주했다. 이 요건을 충족한다.,and-both,,,,,
development,and-both-change,나는 24개월 거주했고 가구 중위소득 비율은 120%이다. 이 요건을 충족한다.,and-both,,,,,
development,and-both-unknown,나는 24개월 거주했고 가구 중위소득 비율은 밝히지 않았다. 이 요건을 충족한다.,and-both,,,,,
development,or-either-base,나는 24개월 거주했고 가구 중위소득 비율은 121%이다. 이 요건을 충족한다.,or-either,,,,,
development,or-either-preserve,가구 중위소득 비율은 121%이며 나는 2년 거주했다. 이 요건을 충족한다.,or-either,,,,,
development,or-either-change,나는 23개월 거주했고 가구 중위소득 비율은 121%이다. 이 요건을 충족한다.,or-either,,,,,
development,or-either-unknown,나는 23개월 거주했고 가구 중위소득 비율은 밝히지 않았다. 이 요건을 충족한다.,or-either,,,,,
development,age-strict-base,나는 만 39세이다. 이 요건을 충족한다.,age-strict,,,,,
development,age-strict-preserve,내 만 나이는 39년이다. 이 요건을 충족한다.,age-strict,,,,,
development,age-strict-change,나는 만 38세이다. 이 요건을 충족한다.,age-strict,,,,,
development,age-strict-unknown,부모는 만 39세이고 내 만 나이는 밝히지 않았다. 이 요건을 충족한다.,age-strict,,,,,
development,yangsan-housing-1,"내 보증금은 1억원, 월세는 60만원이다. 이 범위의 요건을 충족한다.",yangsan-housing,,,,,
development,yangsan-housing-2,"내 보증금은 1억 1원, 월세는 60만원이다. 이 범위의 요건을 충족한다.",yangsan-housing,,,,,
development,yangsan-housing-3,"내 보증금은 0원, 월세는 0원이다. 이 범위의 요건을 충족한다.",yangsan-housing,,,,,
development,yangsan-housing-4,부모의 보증금은 1억원이다. 내 보증금은 밝히지 않았다. 내 월세는 60만원이다. 이 범위의 요건을 충족한다.,yangsan-housing,,,,,
development,yangsan-income-1,공고 방식으로 산정한 내 가구 기준중위소득 비율은 60%이다. 이 범위의 요건을 충족한다.,yangsan-income,,,,,
development,yangsan-income-2,공고 방식으로 산정한 내 가구 기준중위소득 비율은 60.01%이다. 이 범위의 요건을 충족한다.,yangsan-income,,,,,
development,yangsan-income-3,공고 방식으로 산정한 내 가구 기준중위소득 비율은 150%이다. 이 범위의 요건을 충족한다.,yangsan-income,,,,,
development,yangsan-income-4,내 가구 기준중위소득 비율은 밝히지 않았다. 이 범위의 요건을 충족한다.,yangsan-income,,,,,
development,yongin-conversion-1,"내 보증금은 1.125억원, 월세는 100만원이다. 이 범위의 요건을 충족한다.",yongin-conversion,,,,,
development,yongin-conversion-2,"내 보증금은 1억 1250만 1원, 월세는 100만원이다. 이 범위의 요건을 충족한다.",yongin-conversion,,,,,
development,yongin-conversion-3,"내 보증금은 11250만원, 월세는 1,000,000원이다. 이 범위의 요건을 충족한다.",yongin-conversion,,,,,
development,yongin-conversion-4,부모의 보증금은 11250만원이다. 내 보증금은 밝히지 않았다. 내 월세는 100만원이다. 이 범위의 요건을 충족한다.,yongin-conversion,,,,,
development,yongin-income-benefits-1,"내 가구 기준중위소득 비율은 180%이며, 나는 생계·의료·주거·교육급여를 모두 받지 않는다. 이 범위의 요건을 충족한다.",yongin-income-benefits,,,,,
development,yongin-income-benefits-2,"내 가구 기준중위소득 비율은 180%이며, 나는 교육급여만 받고 생계·의료·주거급여는 받지 않는다. 이 범위의 요건을 충족한다.",yongin-income-benefits,,,,,
development,yongin-income-benefits-3,내 가구 기준중위소득 비율은 181%이다. 내 급여 수급 여부는 밝히지 않았다. 이 범위의 요건을 충족한다.,yongin-income-benefits,,,,,
development,yongin-income-benefits-4,"내 가구 기준중위소득 비율은 180%이며, 나는 생계·의료·주거급여를 받지 않는다. 교육급여 수급 여부는 밝히지 않았다. 이 범위의 요건을 충족한다.",yongin-income-benefits,,,,,
transfer,changwon-housing-1,"내 보증금은 100,000,000원이다. 내 월세는 600,000원이다. 이 범위의 요건을 충족한다.",changwon-housing,,,,,
transfer,changwon-housing-2,"내 보증금은 100,000,001원이다. 내 월세는 600,000원이다. 이 범위의 요건을 충족한다.",changwon-housing,,,,,
transfer,changwon-housing-3,"내 보증금은 100,000,000원이다. 내 월세는 600,001원이다. 이 범위의 요건을 충족한다.",changwon-housing,,,,,
transfer,changwon-housing-4,"내 보증금은 밝히지 않았다. 내 월세는 600,000원이다. 이 범위의 요건을 충족한다.",changwon-housing,,,,,
transfer,changwon-housing-5,"내 보증금은 100,000,000원이다. 내 월세는 밝히지 않았다. 이 범위의 요건을 충족한다.",changwon-housing,,,,,
transfer,changwon-age-1,내 만 나이는 18세다. 이 범위의 요건을 충족한다.,changwon-age,,,,,
transfer,changwon-age-2,내 만 나이는 19세다. 이 범위의 요건을 충족한다.,changwon-age,,,,,
transfer,changwon-age-3,내 만 나이는 39세다. 이 범위의 요건을 충족한다.,changwon-age,,,,,
transfer,changwon-age-4,내 만 나이는 40세다. 이 범위의 요건을 충족한다.,changwon-age,,,,,
transfer,changwon-age-5,부모는 만 39세이고 내 만 나이는 밝히지 않았다. 이 범위의 요건을 충족한다.,changwon-age,,,,,
transfer,suwon-age-1,내 만 나이는 18세다. 이 범위의 요건을 충족한다.,suwon-age,,,,,
transfer,suwon-age-2,내 만 나이는 19세다. 이 범위의 요건을 충족한다.,suwon-age,,,,,
transfer,suwon-age-3,내 만 나이는 39세다. 이 범위의 요건을 충족한다.,suwon-age,,,,,
transfer,suwon-age-4,내 만 나이는 40세다. 이 범위의 요건을 충족한다.,suwon-age,,,,,
transfer,suwon-age-5,부모는 만 39세이고 내 만 나이는 밝히지 않았다. 이 범위의 요건을 충족한다.,suwon-age,,,,,
transfer,suwon-income-1,내 가구 기준중위소득 비율은 119%이다. 이 범위의 요건을 충족한다.,suwon-income,,,,,
transfer,suwon-income-2,내 가구 기준중위소득 비율은 120%이다. 이 범위의 요건을 충족한다.,suwon-income,,,,,
transfer,suwon-income-3,내 가구 기준중위소득 비율은 121%이다. 이 범위의 요건을 충족한다.,suwon-income,,,,,
transfer,suwon-income-4,내 가구 기준중위소득 비율은 밝히지 않았다. 이 범위의 요건을 충족한다.,suwon-income,,,,,
transfer,suwon-income-5,내 가구 기준중위소득 비율은 120.5%이다. 이 범위의 요건을 충족한다.,suwon-income,,,,,
confirmation,nps-basic-1,내 만 나이는 64세다. 이 연령 요건을 충족한다.,nps-basic,,,,,
confirmation,nps-basic-2,내 만 나이는 65세다. 이 연령 요건을 충족한다.,nps-basic,,,,,
confirmation,nps-basic-3,내 만 나이는 66세다. 이 연령 요건을 충족한다.,nps-basic,,,,,
confirmation,nps-basic-4,내 만 나이는 100세다. 이 연령 요건을 충족한다.,nps-basic,,,,,
confirmation,nps-basic-5,내 만 나이는 밝히지 않았다. 이 연령 요건을 충족한다.,nps-basic,,,,,
confirmation,nps-members-1,내 만 나이는 17세다. 이 연령 요건을 충족한다.,nps-members,,,,,
confirmation,nps-members-2,내 만 나이는 18세다. 이 연령 요건을 충족한다.,nps-members,,,,,
confirmation,nps-members-3,내 만 나이는 59세다. 이 연령 요건을 충족한다.,nps-members,,,,,
confirmation,nps-members-4,내 만 나이는 60세다. 이 연령 요건을 충족한다.,nps-members,,,,,
confirmation,nps-members-5,내 만 나이는 밝히지 않았다. 이 연령 요건을 충족한다.,nps-members,,,,,
revision,boundary-1,내 보증 가입일은 2025년 3월 30일이다. 이 보증료 지원 상한은 20만원이다.,Seoul2024-3494/2025-1082,,,,,
revision,boundary-2,내 보증 가입일은 2025년 3월 30일이다. 이 보증료 지원 상한은 30만원이다.,Seoul2024-3494/2025-1082,,,,,
revision,boundary-3,내 보증 가입일은 2025년 3월 30일이다. 이 보증료 지원 상한은 40만원이다.,Seoul2024-3494/2025-1082,,,,,
revision,boundary-4,내 보증 가입일은 2025년 3월 31일이다. 이 보증료 지원 상한은 20만원이다.,Seoul2024-3494/2025-1082,,,,,
revision,boundary-5,내 보증 가입일은 2025년 3월 31일이다. 이 보증료 지원 상한은 30만원이다.,Seoul2024-3494/2025-1082,,,,,
revision,boundary-6,내 보증 가입일은 2025년 3월 31일이다. 이 보증료 지원 상한은 40만원이다.,Seoul2024-3494/2025-1082,,,,,
revision,boundary-7,내 보증 가입일은 2025년 4월 1일이다. 이 보증료 지원 상한은 20만원이다.,Seoul2024-3494/2025-1082,,,,,
revision,boundary-8,내 보증 가입일은 2025년 4월 1일이다. 이 보증료 지원 상한은 30만원이다.,Seoul2024-3494/2025-1082,,,,,
revision,boundary-9,내 보증 가입일은 2025년 4월 1일이다. 이 보증료 지원 상한은 40만원이다.,Seoul2024-3494/2025-1082,,,,,
revision,boundary-10,내 보증 가입일은 밝히지 않았다. 이 보증료 지원 상한은 20만원이다.,Seoul2024-3494/2025-1082,,,,,
revision,boundary-11,내 보증 가입일은 밝히지 않았다. 이 보증료 지원 상한은 30만원이다.,Seoul2024-3494/2025-1082,,,,,
revision,boundary-12,내 보증 가입일은 밝히지 않았다. 이 보증료 지원 상한은 40만원이다.,Seoul2024-3494/2025-1082,,,,,
revision,application-distractor,내 신청일은 2025년 4월 1일이다. 내 보증 가입일은 2025년 3월 30일이다. 이 보증료 지원 상한은 40만원이다.,Seoul2024-3494/2025-1082,,,,,
revision,parent-distractor,부모의 보증 가입일은 2025년 4월 1일이다. 내 보증 가입일은 2025년 3월 30일이다. 이 보증료 지원 상한은 30만원이다.,Seoul2024-3494/2025-1082,,,,,
revision,unknown-with-application,내 신청일은 2025년 4월 1일이다. 내 보증 가입일은 밝히지 않았다. 이 보증료 지원 상한은 40만원이다.,Seoul2024-3494/2025-1082,,,,,
revision,iso-date,"내 보증 가입일은 2025-03-31이다. 이 보증료 지원 상한은 400,000원이다.",Seoul2024-3494/2025-1082,,,,,
revision,stable-false,내 보증 가입일은 2025년 4월 1일이다. 이 보증료 지원 상한은 20만원이다.,Seoul2024-3494/2025-1082,,,,,
revision,money-notation,내 보증 가입일은 2025년 3월 30일이다. 이 보증료 지원 상한은 3십만원이다.,Seoul2024-3494/2025-1082,,,,,
