"id"	"claim"	"reviewer"	"before_label"	"after_label"	"route"	"notes"
"threshold-1"	"가람지원의 소득 조건만 묻는다. 월 소득 90만원인 신청자는 이 조건을 충족한다."	""	""	""	""	""
"threshold-2"	"가람지원의 소득 조건만 묻는다. 월 소득 110만원인 신청자는 이 조건을 충족한다."	""	""	""	""	""
"threshold-3"	"가람지원의 소득 조건만 묻는다. 월 소득 130만원인 신청자는 이 조건을 충족한다."	""	""	""	""	""
"wording-1"	"나래지원의 소득 조건만 묻는다. 월 소득 90만원인 신청자는 이 조건을 충족한다."	""	""	""	""	""
"wording-2"	"나래지원의 소득 조건만 묻는다. 월 소득 100만원인 신청자는 이 조건을 충족한다."	""	""	""	""	""
"wording-3"	"나래지원의 소득 조건만 묻는다. 월 소득 101만원인 신청자는 이 조건을 충족한다."	""	""	""	""	""
"grandfather-1"	"다솜지원의 매출 요건만 묻는다. 개정 전에 이미 접수했고 연 매출 900만원, 최근 월평균 110만원인 사람은 적용 매출 요건을 충족한다."	""	""	""	""	""
"grandfather-2"	"다솜지원의 매출 요건만 묻는다. 개정 후 신규 접수할 예정이고 연 매출 900만원, 최근 월평균 110만원인 사람은 적용 매출 요건을 충족한다."	""	""	""	""	""
"grandfather-3"	"다솜지원의 매출 요건만 묻는다. 개정 후 신규 접수할 예정이고 연 매출 1300만원, 최근 월평균 80만원인 사람은 적용 매출 요건을 충족한다."	""	""	""	""	""
"exception-1"	"라온지원 거주 요건만 묻는다. 6개월 거주했고 향후 2년 거주 확약서를 제출한 사람은 이 요건을 충족한다."	""	""	""	""	""
"exception-2"	"라온지원 거주 요건만 묻는다. 6개월 거주했고 확약서를 제출하지 않은 사람은 이 요건을 충족한다."	""	""	""	""	""
"exception-3"	"라온지원 거주 요건만 묻는다. 6개월 거주했고 확약서 제출 여부가 알려지지 않은 사람은 이 요건을 충족한다."	""	""	""	""	""
"other_program-1"	"마루지원의 나이 조건만 묻는다. 30세인 사람은 이 조건을 충족한다."	""	""	""	""	""
"other_program-2"	"마루지원의 나이 조건만 묻는다. 35세인 사람은 이 조건을 충족한다."	""	""	""	""	""
"other_program-3"	"바다지원의 나이 조건만 묻는다. 42세인 사람은 이 조건을 충족한다."	""	""	""	""	""
"partial_evidence-1"	"소담지원의 소득 조건만 묻는다. 월 소득 90만원인 사람은 이 조건을 충족한다."	""	""	""	""	""
"partial_evidence-2"	"소담지원의 나이 조건만 묻는다. 25세인 사람은 이 조건을 충족한다."	""	""	""	""	""
"partial_evidence-3"	"소담지원의 나이 조건만 묻는다. 40세인 사람은 이 조건을 충족한다."	""	""	""	""	""
"added_exception-1"	"아람지원의 나이 조건만 묻는다. 36세이고 군 복무 3년을 마친 제대군인은 이 조건을 충족한다."	""	""	""	""	""
"added_exception-2"	"아람지원의 나이 조건만 묻는다. 36세이고 군 복무 이력이 없는 사람은 이 조건을 충족한다."	""	""	""	""	""
"added_exception-3"	"아람지원의 나이 조건만 묻는다. 30세이고 군 복무 이력이 없는 사람은 이 조건을 충족한다."	""	""	""	""	""
"modality-1"	"해솔지원의 다른 장학금 관련 제외 규정만 묻는다. 다른 장학금 신청 예정자인 사람은 반드시 제외된다."	""	""	""	""	""
"modality-2"	"해솔지원의 다른 장학금 관련 제외 규정만 묻는다. 다른 장학금 신청 예정자인 사람은 반드시 제외 대상이 아니다."	""	""	""	""	""
"modality-3"	"해솔지원에 인쇄된 접수 종료일은 10월 31일이다."	""	""	""	""	""
"jeju-known-1"	"제주 소상공인 출산급여의 적용 매출 기준만 묻는다. 2년간 운영한 가상 신청자는 전년도 매출 900만원, 최근 3개월 월평균 매출 110만원이다. 9월 10일 최초 공고에 따라 이미 신청했다. 이 사람은 적용되는 매출 기준을 충족한다."	""	""	""	""	""
"jeju-known-2"	"제주 소상공인 출산급여의 적용 매출 기준만 묻는다. 2년간 운영한 가상 신청자는 전년도 매출 900만원, 최근 3개월 월평균 매출 110만원이다. 9월 20일 새로 신청할 예정이다. 이 사람은 적용되는 매출 기준을 충족한다."	""	""	""	""	""
"jeju-known-3"	"제주 소상공인 출산급여의 적용 매출 기준만 묻는다. 2년간 운영한 가상 신청자는 전년도 매출 1300만원, 최근 3개월 월평균 매출 80만원이다. 9월 20일 새로 신청할 예정이다. 이 사람은 적용되는 매출 기준을 충족한다."	""	""	""	""	""
"jeju-known-4"	"제주 소상공인 출산급여의 적용 매출 기준만 묻는다. 2년간 운영한 가상 신청자는 전년도 매출 900만원, 최근 3개월 월평균 매출 80만원이다. 9월 20일 새로 신청할 예정이다. 이 사람은 적용되는 매출 기준을 충족한다."	""	""	""	""	""
"jeju-known-5"	"제주 소상공인 출산급여의 적용 매출 기준만 묻는다. 2년간 운영한 가상 신청자는 전년도 매출 1300만원, 최근 3개월 월평균 매출 80만원이다. 9월 10일 최초 공고에 따라 이미 신청했다. 이 사람은 적용되는 매출 기준을 충족한다."	""	""	""	""	""
"jeju-known-6"	"제주 소상공인 출산급여의 적용 매출 기준만 묻는다. 2년간 운영한 가상 신청자는 전년도 매출 900만원, 최근 3개월 월평균 매출 110만원이다. 최초 공고에 이미 접수했는지 수정 공고 이후 신규 접수할지 알려지지 않았다. 이 사람은 적용되는 매출 기준을 충족한다."	""	""	""	""	""
"chungnam-dangjin"	"충남 석탄화력발전소 협력사 근로자 복리후생 공고의 해당 조건만 비교한다. 지출일부터 신청일까지 당진시 소재 석탄화력발전소에서 근무한 협력사 근로자는 근무지 조건을 충족한다."	""	""	""	""	""
"chungnam-boryeong"	"충남 석탄화력발전소 협력사 근로자 복리후생 공고의 해당 조건만 비교한다. 지출일부터 신청일까지 보령시 소재 석탄화력발전소에서 근무한 협력사 근로자는 근무지 조건을 충족한다."	""	""	""	""	""
"chungnam-taean"	"충남 석탄화력발전소 협력사 근로자 복리후생 공고의 해당 조건만 비교한다. 지출일부터 신청일까지 태안군 소재 석탄화력발전소에서 근무한 협력사 근로자는 근무지 조건을 충족한다."	""	""	""	""	""
"chungnam-seosan"	"충남 석탄화력발전소 협력사 근로자 복리후생 공고의 해당 조건만 비교한다. 지출일부터 신청일까지 서산시 소재 석탄화력발전소에서 근무한 협력사 근로자는 근무지 조건을 충족한다."	""	""	""	""	""
"chungnam-deadline-10"	"충남 석탄화력발전소 협력사 근로자 복리후생 공고의 해당 조건만 비교한다. 예산 조기소진과 접수 시작일은 제외하고, 문서에 인쇄된 접수 종료일 상한만 비교한다. 2025년 12월 10일은 이 상한을 넘지 않는다."	""	""	""	""	""
"chungnam-deadline-18"	"충남 석탄화력발전소 협력사 근로자 복리후생 공고의 해당 조건만 비교한다. 예산 조기소진과 접수 시작일은 제외하고, 문서에 인쇄된 접수 종료일 상한만 비교한다. 2025년 12월 18일은 이 상한을 넘지 않는다."	""	""	""	""	""
"chungnam-cap-30"	"충남 석탄화력발전소 협력사 근로자 복리후생 공고의 해당 조건만 비교한다. 교육훈련비와 건강복지비를 합한 개인별 지원 상한은 정확히 30만원이다."	""	""	""	""	""
"chungnam-cap-60"	"충남 석탄화력발전소 협력사 근로자 복리후생 공고의 해당 조건만 비교한다. 교육훈련비와 건강복지비를 합한 개인별 지원 상한은 정확히 60만원이다."	""	""	""	""	""
"chungnam-exam-failed"	"충남 석탄화력발전소 협력사 근로자 복리후생 공고의 해당 조건만 비교한다. 그 종목에 처음 응시했지만 자격증을 취득하지 못했다는 사유만으로 자격시험 응시료 지원에서 제외되지는 않는다."	""	""	""	""	""
"chungnam-exam-third"	"충남 석탄화력발전소 협력사 근로자 복리후생 공고의 해당 조건만 비교한다. 한 자격종목의 응시료를 이미 두 번 지원받은 사람이 같은 종목의 세 번째 응시료도 횟수 조건을 충족한다."	""	""	""	""	""
"chungnam-duplicate-same"	"충남 석탄화력발전소 협력사 근로자 복리후생 공고의 해당 조건만 비교한다. 사내 복지와 무관한 다른 지원사업에서 이미 전액 받은 동일 항목의 같은 지출액을 이 사업에서 다시 지원받는 것은 중복지원 조건상 허용된다."	""	""	""	""	""
"chungnam-duplicate-separated"	"충남 석탄화력발전소 협력사 근로자 복리후생 공고의 해당 조건만 비교한다. 사내 복지와 무관한 다른 사업과 지원 항목 및 지원 금액을 명확히 나누었을 때, 다른 사업과의 연계 지원은 중복지원 조건상 허용된다."	""	""	""	""	""
"chungnam-duplicate-unknown"	"충남 석탄화력발전소 협력사 근로자 복리후생 공고의 해당 조건만 비교한다. 다른 지원사업에서도 지원을 받지만, 지원 항목과 금액을 구분했는지는 알려지지 않았다. 이 사람의 연계 지원은 중복지원 조건상 허용된다."	""	""	""	""	""
"chungnam-employer-full"	"충남 석탄화력발전소 협력사 근로자 복리후생 공고의 해당 조건만 비교한다. 사내 복지로 지출 전액을 받은 사람은 같은 지출액을 이 사업에서 다시 지원받는 것이 허용된다."	""	""	""	""	""
"chungnam-employer-own"	"충남 석탄화력발전소 협력사 근로자 복리후생 공고의 해당 조건만 비교한다. 사내 복지의 일부 지원을 받고 남은 본인 부담 비용에 한해서는 사내 복지 중복지원 제한 때문에 배제되지는 않는다."	""	""	""	""	""
"chungnam-training-card"	"충남 석탄화력발전소 협력사 근로자 복리후생 공고의 해당 조건만 비교한다. 국민내일배움카드 훈련을 수료한 경우, 지급 상한을 별도로 두고 비교하면 자부담 비용의 지원 비율은 100%이다."	""	""	""	""	""
"seoul-cap-new-40"	"서울 전세보증금 반환보증 보증료 공고의 해당 규칙만 비교하며 실제 수급 확정을 묻지 않는다. 각 문서의 금액 규칙을 가상 조건에 대입하는 비교이며 해당 날짜의 실제 수급권을 묻지 않는다. 가상 조건의 보증 가입일은 2025년 4월 1일이다. 이 조건에 적용되는 최대 지원 한도는 정확히 40만원이다."	""	""	""	""	""
"seoul-cap-new-30"	"서울 전세보증금 반환보증 보증료 공고의 해당 규칙만 비교하며 실제 수급 확정을 묻지 않는다. 각 문서의 금액 규칙을 가상 조건에 대입하는 비교이며 해당 날짜의 실제 수급권을 묻지 않는다. 가상 조건의 보증 가입일은 2025년 4월 1일이다. 이 조건에 적용되는 최대 지원 한도는 정확히 30만원이다."	""	""	""	""	""
"seoul-cap-old-40"	"서울 전세보증금 반환보증 보증료 공고의 해당 규칙만 비교하며 실제 수급 확정을 묻지 않는다. 각 문서의 금액 규칙을 가상 조건에 대입하는 비교이며 해당 날짜의 실제 수급권을 묻지 않는다. 가상 조건의 보증 가입일은 2025년 3월 30일이다. 이 조건에 적용되는 최대 지원 한도는 정확히 40만원이다."	""	""	""	""	""
"seoul-cap-old-30"	"서울 전세보증금 반환보증 보증료 공고의 해당 규칙만 비교하며 실제 수급 확정을 묻지 않는다. 각 문서의 금액 규칙을 가상 조건에 대입하는 비교이며 해당 날짜의 실제 수급권을 묻지 않는다. 가상 조건의 보증 가입일은 2025년 3월 30일이다. 이 조건에 적용되는 최대 지원 한도는 정확히 30만원이다."	""	""	""	""	""
"seoul-cap-unknown-40"	"서울 전세보증금 반환보증 보증료 공고의 해당 규칙만 비교하며 실제 수급 확정을 묻지 않는다. 각 문서의 금액 규칙을 가상 조건에 대입하는 비교이며 해당 날짜의 실제 수급권을 묻지 않는다. 가상 조건의 보증 가입일은 알려지지 않았다. 이 조건에 적용되는 최대 지원 한도는 정확히 40만원이다."	""	""	""	""	""
"seoul-cap-unknown-30"	"서울 전세보증금 반환보증 보증료 공고의 해당 규칙만 비교하며 실제 수급 확정을 묻지 않는다. 각 문서의 금액 규칙을 가상 조건에 대입하는 비교이며 해당 날짜의 실제 수급권을 묻지 않는다. 가상 조건의 보증 가입일은 알려지지 않았다. 이 조건에 적용되는 최대 지원 한도는 정확히 30만원이다."	""	""	""	""	""
"seoul-docs-2"	"서울 전세보증금 반환보증 보증료 공고의 해당 규칙만 비교하며 실제 수급 확정을 묻지 않는다. 신청일로부터 2개월 전에 발급한 서류는 서류 발급 경과기간 조건을 충족한다."	""	""	""	""	""
"seoul-docs-4"	"서울 전세보증금 반환보증 보증료 공고의 해당 규칙만 비교하며 실제 수급 확정을 묻지 않는다. 신청일로부터 4개월 전에 발급한 서류는 서류 발급 경과기간 조건을 충족한다."	""	""	""	""	""
"seoul-proxy-cohabitant"	"서울 전세보증금 반환보증 보증료 공고의 해당 규칙만 비교하며 실제 수급 확정을 묻지 않는다. 불가피한 대리 신청에서, 다른 허용 관계가 없는 동일 세대 동거인은 동거인이라는 관계만으로 허용 대리인의 범위에 포함된다."	""	""	""	""	""
"seoul-proxy-parent"	"서울 전세보증금 반환보증 보증료 공고의 해당 규칙만 비교하며 실제 수급 확정을 묻지 않는다. 불가피한 대리 신청에서, 다른 세대인 신청인의 어머니는 직계존속이라는 관계로 허용 대리인의 범위에 포함된다. 필수 서류는 모두 제출한다."	""	""	""	""	""
"seoul-young-income-5000"	"서울 전세보증금 반환보증 보증료 공고의 해당 규칙만 비교하며 실제 수급 확정을 묻지 않는다. 신혼부부가 아닌 만 39세 미혼 청년의 연소득이 5000만원이면 청년 소득 상한 조건을 충족한다."	""	""	""	""	""
"seoul-young-income-5001"	"서울 전세보증금 반환보증 보증료 공고의 해당 규칙만 비교하며 실제 수급 확정을 묻지 않는다. 신혼부부가 아닌 만 39세 미혼 청년의 연소득이 5001만원이면 청년 소득 상한 조건을 충족한다."	""	""	""	""	""
"seoul-deposit-edge"	"서울 전세보증금 반환보증 보증료 공고의 해당 규칙만 비교하며 실제 수급 확정을 묻지 않는다. 서울 소재 주거용 주택의 임차보증금이 3억원이면 주택 보증금 상한 조건을 충족한다."	""	""	""	""	""
"seoul-deposit-over"	"서울 전세보증금 반환보증 보증료 공고의 해당 규칙만 비교하며 실제 수급 확정을 묻지 않는다. 서울 소재 주거용 주택의 임차보증금이 3억 1천만원이면 주택 보증금 상한 조건을 충족한다."	""	""	""	""	""
"seoul-marriage-eight"	"서울 전세보증금 반환보증 보증료 공고의 해당 규칙만 비교하며 실제 수급 확정을 묻지 않는다. 신청일 기준 혼인신고 후 8년이 지났고 부부 합산 연소득이 7천만원인 사람은 신혼부부의 혼인기간 조건을 충족한다."	""	""	""	""	""
"seoul-insurance-expired"	"서울 전세보증금 반환보증 보증료 공고의 해당 규칙만 비교하며 실제 수급 확정을 묻지 않는다. 보증료는 모두 냈지만 신청일 기준 보증 효력이 이미 끝난 사람은 보증 유효기간 조건을 충족한다."	""	""	""	""	""
