"id"	"claim"	"reviewer_id"	"decision"	"evidence_locator"	"notes"
"jeju-old-sales"	"최초 공고의 매출 기준만 묻는다. 2년간 운영했고 전년도 매출 900만원, 최근 3개월 평균 월 매출 110만원인 가상 신청자는 그 매출 기준을 충족한다."	""	""	""	""
"jeju-new-sales"	"수정 공고의 매출 기준만 묻는다. 2년간 운영했고 전년도 매출 900만원, 최근 3개월 평균 월 매출 110만원인 가상 신청자는 그 매출 기준을 충족한다."	""	""	""	""
"jeju-new-sales-both-low"	"수정 공고의 매출 기준만 묻는다. 2년간 운영했고 전년도 매출 900만원, 최근 3개월 평균 월 매출 90만원인 가상 신청자는 그 매출 기준을 충족한다."	""	""	""	""
"jeju-new-sales-annual"	"수정 공고의 매출 기준만 묻는다. 2년간 운영했고 전년도 매출 1300만원, 최근 3개월 평균 월 매출 80만원인 가상 신청자는 그 매출 기준을 충족한다."	""	""	""	""
"jeju-grandfather-old"	"9월 10일에 최초 공고에 따라 이미 신청했다. 사업 운영 2년, 전년도 매출 900만원, 최근 3개월 평균 월 110만원인 가상 신청자는 적용되는 매출 기준을 충족한다."	""	""	""	""
"jeju-grandfather-new"	"9월 20일에 신청했다. 사업 운영 2년, 전년도 매출 900만원, 최근 3개월 평균 월 110만원인 가상 신청자는 적용되는 매출 기준을 충족한다."	""	""	""	""
"jeju-old-birth"	"실제 접수 가능 여부가 아니라 최초 공고에 인쇄된 2025년 출산일 범위만 묻는다. 11월 29일은 그 명시 범위 안이다."	""	""	""	""
"jeju-new-birth"	"실제 접수 가능 여부가 아니라 수정 공고에 인쇄된 2025년 출산일 범위만 묻는다. 11월 29일은 그 명시 범위 안이다."	""	""	""	""
"jeju-new-application"	"출산일 범위가 아니라 수정 공고에 인쇄된 접수기간만 묻는다. 2025년 11월 29일은 그 명시 접수기간 안이다."	""	""	""	""
"jeju-possible-deadline"	"예산 소진에 따른 변경 가능성까지 고려하더라도 접수 종료일은 반드시 11월 28일로 유지된다고 확정할 수 있다."	""	""	""	""
"jeju-local-cap"	"국비 출산급여와 구분한 이 제주 추가지원의 총 상한은 240만원이다."	""	""	""	""
"jeju-actual-payout"	"가상 신청자의 지원대상 확정·지급 결정 정보는 제시되지 않았다. 이 사람의 실제 지급액은 정확히 90만원이다."	""	""	""	""
"jeju-payment-anchor"	"이 두 지급 문구는 모두 신청일을 기준으로 출산 후 경과 기간을 계산한다."	""	""	""	""
"jeju-new-application-elapsed"	"유의사항에 적힌 신청 시점의 일괄지급 기준만 묻는다. 출산 후 2.5개월에 신청한 가상 신청자는 그 경과 기간 기준을 충족한다."	""	""	""	""
"jeju-old-application-elapsed"	"최초 공고 유의사항의 신청 시점 일괄지급 기준만 묻는다. 출산 후 2.5개월에 신청한 가상 신청자는 그 경과 기간 기준을 충족한다."	""	""	""	""
"jeju-new-payment-elapsed"	"지급방식에 적힌 지급일 기준만 묻는다. 지급일에 출산 후 3.5개월이 지난 가상 신청자는 그 경과 기간 기준을 충족한다."	""	""	""	""
"jeju-old-short-business"	"최초 공고의 매출 기준만 묻는다. 사업 운영 기간이 8개월이고 월 매출 110만원을 증빙한 가상 신청자는 6~11개월 사업자의 명시 월 매출 기준을 충족한다."	""	""	""	""
"jeju-duplicate-program"	"국비 고용보험 미적용자 출산급여 수급자는 제주 1인 소상공인 출산급여 지원 사업과 중복신청할 수 없다고 이 근거는 명시한다."	""	""	""	""
"incheon-parent-residence"	"인천 공공간호사 장학생의 거주 요건만 묻는다. 신청일 현재 본인은 타 지역 거주지만 부모는 인천에 계속 2년 거주 중이다. 이 가상 신청자는 명시된 1년 거주 요건을 충족한다."	""	""	""	""
"incheon-exception"	"인천 공공간호사 장학생의 거주 요건만 묻는다. 본인과 부모 모두 인천 거주 1년을 채우지 못했다. 전입 및 2년 이상 거주 확약서를 제출해도 이 거주 요건 때문에 반드시 제외된다."	""	""	""	""
"incheon-exception-not-selection"	"인천 공공간호사 장학생 신청자 중 거주 기간 미충족자가 전입 및 2년 이상 거주 확약서를 냈다. 다른 조건과 심사 결과가 없는 상태에서 이 가상 신청자의 최종 선발은 확정되었다."	""	""	""	""
"incheon-grade-boundary"	"인천 공공간호사 장학생의 성적 요건만 묻는다. 전 학년 평점 평균이 정확히 3.0인 가상 신청자는 이 성적 요건을 충족한다."	""	""	""	""
"incheon-grade-low"	"인천 공공간호사 장학생의 성적 요건만 묻는다. 전 학년 평점 평균이 2.9인 가상 신청자는 이 성적 요건을 충족한다."	""	""	""	""
"incheon-application-notice"	"인천 공공간호사 장학생의 명시된 신청서 접수기간만 묻는다. 2025년 4월 10일은 접수기간 안이다."	""	""	""	""
"incheon-application-final"	"인천 공공간호사 장학생의 명시된 신청서 접수기간만 묻는다. 2025년 4월 30일 오후 4시는 접수기간 안이다."	""	""	""	""
"incheon-nationality-exception"	"인천 공공간호사 장학생의 국적·신분 조건만 묻는다. 대한민국 국적을 소지했지만 영주권자인 가상 신청자는 이 조건을 충족한다."	""	""	""	""
"incheon-split-payment"	"인천 공공간호사 장학생 중 선발된 거주지 미충족자의 명시된 지급 절차만 묻는다. 전입신고 조건을 확인하기 전에 처음 지급하는 금액은 700만원이다."	""	""	""	""
"incheon-unconditional-payment"	"인천 공공간호사 장학생 중 선발된 거주지 미충족자는 전입신고 기한을 지키지 않아도 나머지 300만원을 조건 없이 지급받는다."	""	""	""	""
"incheon-actual-payment"	"인천 공공간호사 장학생의 가상 신청자에 관해 선발·전입·지급 결정은 제시되지 않았다. 이 사람에게 실제 지급된 금액은 정확히 1000만원이다."	""	""	""	""
"incheon-shortlist-final"	"인천 공공간호사 장학생 선발에서 서류 합격했다는 정보만 있다. 이 가상 신청자의 면접 결과와 최종 선발은 이미 확정되었다."	""	""	""	""
"followup-jeju-old-sales"	"최초 공고의 매출 기준만 묻는다. 사업을 2년 운영했고 전년도 매출은 1300만원인 가상 신청자는 이 매출 기준을 충족한다."	""	""	""	""
"followup-jeju-grandfather-old"	"9월 10일에 최초 공고에 따라 이미 신청했다. 사업 운영 2년, 전년도 매출 1400만원, 최근 3개월 평균 월 80만원인 가상 신청자는 적용되는 매출 기준을 충족한다."	""	""	""	""
"followup-jeju-new-sales-both-low"	"수정 공고의 매출 기준만 묻는다. 사업 운영 2년, 전년도 매출 1100만원, 최근 3개월 평균 월 95만원인 가상 신청자는 그 매출 기준을 충족한다."	""	""	""	""
"followup-jeju-new-birth"	"실제 접수 가능 여부가 아니라 수정 공고에 인쇄된 2025년 출산일 범위만 묻는다. 12월 1일은 그 명시 범위 안이다."	""	""	""	""
"followup-jeju-possible-deadline"	"접수기간 문구와 예산에 따른 변경 가능성만 제시되었다. 이후 실제 접수 운영 기록은 없다. 이 사업은 실제로 11월 28일에 접수를 끝냈다."	""	""	""	""
"followup-jeju-actual-payout"	"가상 신청자의 지원대상 확정이나 실제 지급 정보가 제시되지 않았다. 이 사람에게 실제 지급된 금액은 30만원이다."	""	""	""	""
"followup-incheon-parent-residence"	"인천 공공간호사 장학생의 명시된 1년 거주 요건만 묻는다. 신청일 현재 본인은 다른 지역에 거주하고 부모는 인천에 연속으로 정확히 1년 거주했다. 이 가상 신청자는 이 요건을 충족한다."	""	""	""	""
"followup-incheon-grade-boundary"	"인천 공공간호사 장학생의 성적 요건만 묻는다. 전 학년 평점 평균이 3.1인 가상 신청자는 그 성적 요건을 충족한다."	""	""	""	""
"followup-incheon-split-payment"	"인천 공공간호사 장학생 중 선발된 거주지 미충족자의 지급 절차만 묻는다. 전입신고 조건을 확인하기 전에 처음 지급하는 금액은 1000만원이다."	""	""	""	""
"followup-incheon-application-final"	"인천 공공간호사 장학생의 명시된 신청서 접수기간만 묻는다. 2025년 4월 30일 오후 6시는 접수기간 안이다."	""	""	""	""
"followup-incheon-exception-not-selection"	"인천 공공간호사 장학생의 거주 기간 미충족자가 확약서를 제출했다는 사실만 제시되었다. 이 사람의 최종 면접 결과와 선발은 확정되었다."	""	""	""	""
"followup-incheon-actual-payment"	"인천 공공간호사 장학생의 가상 신청자가 최종 선발되었는지, 지급받았는지 제시되지 않았다. 이 사람에게 실제 지급된 금액은 700만원이다."	""	""	""	""
