condition,seed,split,joint,axes,roles,pair_joint,evidence_character_f1,threshold,accepted,wrong
legacy_plain,17,absent,0.0,0.026041666666666668,0.026041666666666668,,0.0,,0,0
legacy_plain,17,anaphora,0.0026041666666666665,0.24739583333333334,0.028645833333333332,0.0,0.5552385591352956,,0,0
legacy_plain,17,evaluation,0.0026041666666666665,0.25,0.026041666666666668,0.0,0.6237451629185127,,0,0
legacy_plain,17,interleaved,0.0,0.2578125,0.0,0.0,0.6354309888947647,,0,0
legacy_plain,17,order,0.0078125,0.28125,0.036458333333333336,0.0,0.6200922488468894,,0,0
legacy_plain,17,train,0.0020833333333333333,0.325,0.016666666666666666,0.0,0.6323441147049016,,0,0
legacy_plain,17,units,0.0026041666666666665,0.25,0.026041666666666668,0.0,0.6237451629185127,,0,0
legacy_plain,17,validation,0.0,0.23958333333333334,0.0,0.0,0.6221248630887185,,0,0
legacy_plain,42,absent,0.005208333333333333,0.036458333333333336,0.052083333333333336,,0.0,,0,0
legacy_plain,42,anaphora,0.044270833333333336,0.2552083333333333,0.18489583333333334,0.0,0.5497164984096252,,0,0
legacy_plain,42,evaluation,0.015625,0.2734375,0.03125,0.0,0.6225248878678482,,0,0
legacy_plain,42,interleaved,0.0,0.2682291666666667,0.0,0.0,0.6284755889829398,,0,0
legacy_plain,42,order,0.0026041666666666665,0.2916666666666667,0.0390625,0.0,0.6180870042541512,,0,0
legacy_plain,42,train,0.005208333333333333,0.31979166666666664,0.0125,0.0,0.6289699122440451,,0,0
legacy_plain,42,units,0.015625,0.2734375,0.03125,0.0,0.6225248878678482,,0,0
legacy_plain,42,validation,0.0,0.19270833333333334,0.0,0.0,0.6136454849498327,,0,0
legacy_plain,2026,absent,0.0,0.03125,0.041666666666666664,,0.0,,0,0
legacy_plain,2026,anaphora,0.0234375,0.23697916666666666,0.11197916666666667,0.0,0.5588909150418478,,0,0
legacy_plain,2026,evaluation,0.026041666666666668,0.2578125,0.078125,0.0,0.6235791554554939,,0,0
legacy_plain,2026,interleaved,0.0,0.2552083333333333,0.0,0.0,0.6312833031472295,,0,0
legacy_plain,2026,order,0.010416666666666666,0.2578125,0.08333333333333333,0.0,0.6183665580650505,,0,0
legacy_plain,2026,train,0.0020833333333333333,0.321875,0.014583333333333334,0.0,0.6279771975948149,,0,0
legacy_plain,2026,units,0.026041666666666668,0.2578125,0.078125,0.0,0.6235791554554939,,0,0
legacy_plain,2026,validation,0.0,0.203125,0.0,0.0,0.6141563233814157,,0,0
legacy_marked,17,absent,0.0,0.026041666666666668,0.08333333333333333,,0.0,,0,0
legacy_marked,17,anaphora,0.0078125,0.2526041666666667,0.06770833333333333,0.0,0.5654475002362725,,0,0
legacy_marked,17,evaluation,0.0,0.25,0.0,0.0,0.6181767493727349,,0,0
legacy_marked,17,interleaved,0.0,0.24479166666666666,0.0,0.0,0.6354603199704805,,0,0
legacy_marked,17,order,0.0,0.2604166666666667,0.0,0.0,0.6123330714846819,,0,0
legacy_marked,17,train,0.0,0.31979166666666664,0.007291666666666667,0.0,0.6272814091680815,,0,0
legacy_marked,17,units,0.0,0.25,0.0,0.0,0.6181767493727349,,0,0
legacy_marked,17,validation,0.0,0.22916666666666666,0.0,0.0,0.6146682188591386,,0,0
legacy_marked,42,absent,0.005208333333333333,0.036458333333333336,0.109375,,0.0,,0,0
legacy_marked,42,anaphora,0.052083333333333336,0.2578125,0.16666666666666666,0.0,0.5522384613608552,,0,0
legacy_marked,42,evaluation,0.0078125,0.2604166666666667,0.049479166666666664,0.0,0.6152377315256826,,0,0
legacy_marked,42,interleaved,0.0,0.23697916666666666,0.0,0.0,0.6292570470501938,,0,0
legacy_marked,42,order,0.0026041666666666665,0.2682291666666667,0.03125,0.0,0.60850725392864,,0,0
legacy_marked,42,train,0.0010416666666666667,0.325,0.004166666666666667,0.0,0.6245406447913681,,0,0
legacy_marked,42,units,0.0078125,0.2604166666666667,0.049479166666666664,0.0,0.6152377315256826,,0,0
legacy_marked,42,validation,0.0,0.19270833333333334,0.0,0.0,0.6130088909686476,,0,0
legacy_marked,2026,absent,0.0,0.03125,0.078125,,0.0,,0,0
legacy_marked,2026,anaphora,0.036458333333333336,0.24739583333333334,0.11197916666666667,0.0,0.5605622546599911,,0,0
legacy_marked,2026,evaluation,0.0078125,0.23697916666666666,0.018229166666666668,0.0,0.6149548069022186,,0,0
legacy_marked,2026,interleaved,0.0,0.22916666666666666,0.0,0.0,0.6309473904841753,,0,0
legacy_marked,2026,order,0.0,0.24479166666666666,0.005208333333333333,0.0,0.607143845281244,,0,0
legacy_marked,2026,train,0.0,0.3302083333333333,0.009375,0.0,0.6224858845263185,,0,0
legacy_marked,2026,units,0.0078125,0.23697916666666666,0.018229166666666668,0.0,0.6149548069022186,,0,0
legacy_marked,2026,validation,0.0,0.18229166666666666,0.0,0.0,0.6110661268556006,,0,0
plain,17,absent,0.0,0.046875,0.0,,0.0,,0,0
plain,17,anaphora,0.0,0.2604166666666667,0.0,0.0,0.44816290393979635,,0,0
plain,17,evaluation,0.0,0.2578125,0.0,0.0,0.43102974828375284,,0,0
plain,17,interleaved,0.013020833333333334,0.2578125,0.049479166666666664,0.0,0.44403735311201464,,0,0
plain,17,order,0.0,0.265625,0.0,0.0,0.42888745506498294,,0,0
plain,17,train,0.0010416666666666667,0.3125,0.005208333333333333,0.0,0.4863839422311976,,0,0
plain,17,units,0.0,0.2578125,0.0,0.0,0.43102974828375284,,0,0
plain,17,validation,0.005208333333333333,0.2760416666666667,0.020833333333333332,0.0,0.39518015910154425,,0,0
plain,42,absent,0.0,0.0625,0.0,,0.0,,0,0
plain,42,anaphora,0.0,0.2552083333333333,0.0,0.0,0.4505911416975472,,0,0
plain,42,evaluation,0.0,0.2682291666666667,0.0,0.0,0.4475275702596941,,0,0
plain,42,interleaved,0.0,0.2526041666666667,0.0078125,0.0,0.4503287876781853,,0,0
plain,42,order,0.0,0.2421875,0.0026041666666666665,0.0,0.4499623110007538,,0,0
plain,42,train,0.0010416666666666667,0.31666666666666665,0.005208333333333333,0.0,0.48954399642668617,,0,0
plain,42,units,0.0,0.2682291666666667,0.0,0.0,0.4475275702596941,,0,0
plain,42,validation,0.010416666666666666,0.2760416666666667,0.020833333333333332,0.0,0.40185830429732866,,0,0
plain,2026,absent,0.0,0.052083333333333336,0.0,,0.0,,0,0
plain,2026,anaphora,0.0078125,0.23958333333333334,0.020833333333333332,0.0,0.4139454024338674,,0,0
plain,2026,evaluation,0.0026041666666666665,0.265625,0.0026041666666666665,0.0,0.42993059704922554,,0,0
plain,2026,interleaved,0.03125,0.2604166666666667,0.09895833333333333,0.0,0.43047357584076873,,0,0
plain,2026,order,0.0,0.2552083333333333,0.0026041666666666665,0.0,0.42353704905870354,,0,0
plain,2026,train,0.0,0.32916666666666666,0.0,0.0,0.493968867677561,,0,0
plain,2026,units,0.0026041666666666665,0.265625,0.0026041666666666665,0.0,0.42993059704922554,,0,0
plain,2026,validation,0.0,0.25,0.0,0.0,0.39497180451127817,,0,0
marked,17,absent,0.010416666666666666,0.046875,0.23958333333333334,,0.0,,0,0
marked,17,anaphora,0.0,0.2578125,0.0078125,0.0,0.4256669733210672,,0,0
marked,17,evaluation,0.11979166666666667,0.296875,0.4244791666666667,0.0,0.4720670391061452,,0,0
marked,17,interleaved,0.1015625,0.2760416666666667,0.4114583333333333,0.0,0.46008637193357377,,0,0
marked,17,order,0.109375,0.2734375,0.3697916666666667,0.0,0.46368159203980097,,0,0
marked,17,train,0.21041666666666667,0.490625,0.3854166666666667,0.027083333333333334,0.5370195874015117,,0,0
marked,17,units,0.11979166666666667,0.296875,0.4244791666666667,0.0,0.4720670391061452,,0,0
marked,17,validation,0.06770833333333333,0.2916666666666667,0.25,0.0,0.4381768953068592,,0,0
marked,42,absent,0.010416666666666666,0.041666666666666664,0.2552083333333333,,0.0,,0,0
marked,42,anaphora,0.0,0.24739583333333334,0.0,0.0,0.4346521145975443,,0,0
marked,42,evaluation,0.08333333333333333,0.296875,0.2994791666666667,0.0,0.483149496446789,,0,0
marked,42,interleaved,0.07552083333333333,0.2864583333333333,0.3125,0.0,0.4594689953250419,,0,0
marked,42,order,0.08072916666666667,0.2916666666666667,0.3046875,0.0,0.47847015578505164,,0,0
marked,42,train,0.20833333333333334,0.5104166666666666,0.39791666666666664,0.016666666666666666,0.5424788743543567,,0,0
marked,42,units,0.08333333333333333,0.296875,0.2994791666666667,0.0,0.483149496446789,,0,0
marked,42,validation,0.08333333333333333,0.3020833333333333,0.23958333333333334,0.0,0.4440453474015041,,0,0
marked,2026,absent,0.020833333333333332,0.036458333333333336,0.23958333333333334,,0.0,,0,0
marked,2026,anaphora,0.0,0.265625,0.0,0.0,0.408663436876603,,0,0
marked,2026,evaluation,0.06510416666666667,0.2760416666666667,0.2708333333333333,0.0,0.46207207207207207,,0,0
marked,2026,interleaved,0.08854166666666667,0.2708333333333333,0.2994791666666667,0.0,0.43373938722775934,,0,0
marked,2026,order,0.07291666666666667,0.2786458333333333,0.2890625,0.0,0.4556387565237123,,0,0
marked,2026,train,0.18541666666666667,0.475,0.371875,0.022916666666666665,0.5459750955976076,,0,0
marked,2026,units,0.06510416666666667,0.2760416666666667,0.2708333333333333,0.0,0.46207207207207207,,0,0
marked,2026,validation,0.08854166666666667,0.3020833333333333,0.22395833333333334,0.0,0.43229700489693657,,0,0
blind,17,absent,0.0,0.057291666666666664,0.0,,0.0,,0,0
blind,17,anaphora,0.0026041666666666665,0.2682291666666667,0.0234375,0.0,0.44260830728003575,,0,0
blind,17,evaluation,0.0,0.2526041666666667,0.0,0.0,0.42667893284268626,,0,0
blind,17,interleaved,0.010416666666666666,0.2630208333333333,0.03125,0.0,0.44017247574559826,,0,0
blind,17,order,0.0,0.2682291666666667,0.0026041666666666665,0.0,0.42057812064318245,,0,0
blind,17,train,0.0,0.30104166666666665,0.0,0.0,0.4839973873285434,,0,0
blind,17,units,0.0,0.2526041666666667,0.0,0.0,0.42667893284268626,,0,0
blind,17,validation,0.0,0.2604166666666667,0.005208333333333333,0.0,0.4035532994923858,,0,0
blind,42,absent,0.0,0.0625,0.0,,0.0,,0,0
blind,42,anaphora,0.0,0.24739583333333334,0.0,0.0,0.4456009251845921,,0,0
blind,42,evaluation,0.0,0.25,0.0026041666666666665,0.0,0.4379509379509379,,0,0
blind,42,interleaved,0.0,0.25,0.013020833333333334,0.0,0.4491780095456956,,0,0
blind,42,order,0.0,0.234375,0.0,0.0,0.4406749237120804,,0,0
blind,42,train,0.0,0.29791666666666666,0.0,0.0,0.4865128371790705,,0,0
blind,42,units,0.0,0.25,0.0026041666666666665,0.0,0.4379509379509379,,0,0
blind,42,validation,0.0,0.28125,0.0,0.0,0.4101803241269117,,0,0
blind,2026,absent,0.0,0.046875,0.0,,0.0,,0,0
blind,2026,anaphora,0.015625,0.2552083333333333,0.03125,0.0,0.4147028448033048,,0,0
blind,2026,evaluation,0.0,0.2578125,0.0,0.0,0.41664326500046805,,0,0
blind,2026,interleaved,0.010416666666666666,0.2552083333333333,0.044270833333333336,0.0,0.42440195806779346,,0,0
blind,2026,order,0.0,0.24739583333333334,0.0026041666666666665,0.0,0.41637010676156583,,0,0
blind,2026,train,0.0,0.3072916666666667,0.0,0.0,0.4877613875830767,,0,0
blind,2026,units,0.0,0.2578125,0.0,0.0,0.41664326500046805,,0,0
blind,2026,validation,0.0,0.25,0.0,0.0,0.40171335957397547,,0,0
