id,document,reviewer,independent_label,evidence,adjudication,seconds
auth-exception-any-1,auth-exception-any,,,,,
auth-exception-any-2,auth-exception-any,,,,,
auth-exception-any-3,auth-exception-any,,,,,
auth-exception-any-4,auth-exception-any,,,,,
auth-exception-any-5,auth-exception-any,,,,,
auth-exception-any-6,auth-exception-any,,,,,
auth-exception-any-7,auth-exception-any,,,,,
auth-exception-any-8,auth-exception-any,,,,,
auth-exception-all-1,auth-exception-all,,,,,
auth-exception-all-2,auth-exception-all,,,,,
auth-exception-all-3,auth-exception-all,,,,,
auth-exception-all-4,auth-exception-all,,,,,
auth-exception-all-5,auth-exception-all,,,,,
auth-exception-all-6,auth-exception-all,,,,,
auth-exception-all-7,auth-exception-all,,,,,
auth-exception-all-8,auth-exception-all,,,,,
auth-subject-self-1,auth-subject-self,,,,,
auth-subject-self-2,auth-subject-self,,,,,
auth-subject-self-3,auth-subject-self,,,,,
auth-subject-self-4,auth-subject-self,,,,,
auth-subject-self-5,auth-subject-self,,,,,
auth-subject-self-6,auth-subject-self,,,,,
auth-subject-self-7,auth-subject-self,,,,,
auth-subject-self-8,auth-subject-self,,,,,
auth-subject-spouse-1,auth-subject-spouse,,,,,
auth-subject-spouse-2,auth-subject-spouse,,,,,
auth-subject-spouse-3,auth-subject-spouse,,,,,
auth-subject-spouse-4,auth-subject-spouse,,,,,
auth-subject-spouse-5,auth-subject-spouse,,,,,
auth-subject-spouse-6,auth-subject-spouse,,,,,
auth-subject-spouse-7,auth-subject-spouse,,,,,
auth-subject-spouse-8,auth-subject-spouse,,,,,
work24-1,work24,,,,,
work24-2,work24,,,,,
work24-3,work24,,,,,
work24-4,work24,,,,,
work24-5,work24,,,,,
work24-6,work24,,,,,
work24-7,work24,,,,,
work24-8,work24,,,,,
nts-1,nts,,,,,
nts-2,nts,,,,,
nts-3,nts,,,,,
nts-4,nts,,,,,
nts-5,nts,,,,,
nts-6,nts,,,,,
nts-7,nts,,,,,
nts-8,nts,,,,,
