item,task,competition,group,rank,version,reviewer_code,before_value,after_value,unit,state,evidence,uncertainty,reviewed_at
table-01,table,전국대회,개인,1,both,,,,,,,,
table-02,table,전국대회,단체2~4명,1,both,,,,,,,,
table-03,table,전국대회,단체5명이상,1,both,,,,,,,,
table-04,table,국제대회,개인,1,both,,,,,,,,
table-05,table,국제대회,단체2~4명,1,both,,,,,,,,
table-06,table,국제대회,단체5명이상,1,both,,,,,,,,
table-07,table,전국대회,개인,2,both,,,,,,,,
table-08,table,전국대회,단체2~4명,2,both,,,,,,,,
table-09,table,전국대회,단체5명이상,2,both,,,,,,,,
table-10,table,국제대회,개인,2,both,,,,,,,,
table-11,table,국제대회,단체2~4명,2,both,,,,,,,,
table-12,table,국제대회,단체5명이상,2,both,,,,,,,,
table-13,table,전국대회,개인,3,both,,,,,,,,
table-14,table,전국대회,단체2~4명,3,both,,,,,,,,
table-15,table,전국대회,단체5명이상,3,both,,,,,,,,
table-16,table,국제대회,개인,3,both,,,,,,,,
table-17,table,국제대회,단체2~4명,3,both,,,,,,,,
table-18,table,국제대회,단체5명이상,3,both,,,,,,,,
modality-before,modality,,,,before,,,,,,,,
modality-after,modality,,,,after,,,,,,,,
