review_id,query,text,url,source_date,relation,state,before_quotes_json,after_quotes_json,relation_evidence_quotes_json,state_evidence_quotes_json,ambiguous,notes
058652d78fde,가람정착금,"가람정착금에 관한 설명이다. 기준 문서에는 111만 원, 후속안에는 1,110,000원이라고 적혀 있다. 가람정착금의 내용상 금액 차이가 없는 단위 재표현 사안은 사실로 보고한 것이 아니라 가정을 설정한 것이다.",,,,,,,,,,
0a24e2185341,가람정착금,"가람정착금에 관한 설명이다. 기준 문서에는 111만 원, 후속안에는 1,110,000원이라고 적혀 있다. 가람정착금의 내용상 금액 차이가 없는 단위 재표현 사안은 당국과 협의하고 있어 아직 결정 전이라고 적었다.",,,,,,,,,,
0bbe7346ff75,가람정착금,"가람정착금에 관한 설명이다. 후속안에 적은 액수는 128만 원, 기준 문서의 액수는 111만 원이다. 가람정착금의 원인 설명이 빠진 두 액수의 기재 사안은 검토가 진행되고 있지만 결론을 내리지 않았다.",,,,,,,,,,
0bdeee2841fc,가람정착금,"가람정착금에 관한 설명이다. 후속안에 적은 액수는 1,110,000원, 기준 문서의 액수는 111만 원이다. 별개 사업인 별빛수당의 금액은 360만 원이다. 가람정착금의 원래 액수와 똑같은 값을 다른 단위로 적는 작업 사안은 이루어졌다고 치는 조건부 시나리오이다.",,,,,,,,,,
0bfe9cb0c75b,가람정착금,"가람정착금에 관한 설명이다. 기준 문서에는 111만 원, 후속안에는 128만 원이라고 적혀 있다. 가람정착금의 문서에 잘못 들어간 액수의 교체 사안은 발생했다는 해석을 부인하는 내용이다.",,,,,,,,,,
0cb2ca88b1f7,가람정착금,"가람정착금에 관한 설명이다. 후속안에 적은 액수는 128만 원, 기준 문서의 액수는 111만 원이다. 가람정착금의 사업비의 실질적인 증감 사안은 실제 진행 상태는 언급되지 않는다.",,,,,,,,,,
0db3d0f44ebb,가람정착금,"가람정착금에 관한 설명이다. 후속안에 적은 액수는 128만 원, 기준 문서의 액수는 111만 원이다. 가람정착금의 사업비의 실질적인 증감 사안은 다음에 실시할 방안으로 제안되었다.",,,,,,,,,,
12d42e7ebf44,가람정착금,"가람정착금에 관한 설명이다. 후속안에 적은 액수는 128만 원, 기준 문서의 액수는 111만 원이다. 별개 사업인 별빛수당의 금액은 360만 원이다. 가람정착금의 두 숫자의 연관성을 제시하지 않는 작성 사안은 실제로 그런 조치를 취하지 않았다는 설명이다.",,,,,,,,,,
13af20c1596e,가람정착금,"가람정착금에 관한 설명이다. 기준 문서에는 111만 원, 후속안에는 128만 원이라고 적혀 있다. 가람정착금의 문서에 잘못 들어간 액수의 교체 사안은 결정이 완료된 사실로 기재되어 있다.",,,,,,,,,,
1447345ebc58,공사비,"공사비 산출 오류에 따른 공사비 정정 - (당초) 289,000천원 / (변경) 169,206천원",https://www.incheon.go.kr/jonggeon/JO020101/3008010,2025-04-21,,,,,,,,
16e3b070646d,가람정착금,"가람정착금에 관한 설명이다. 기준 문서에는 111만 원, 후속안에는 128만 원이라고 적혀 있다. 가람정착금의 수혜자가 받을 지원 규모의 실질적인 조정 사안은 실행에 옮길 장래의 방안이라고 적었다.",,,,,,,,,,
1a7dab0c2fa8,가람정착금,"가람정착금에 관한 설명이다. 후속안에 적은 액수는 128만 원, 기준 문서의 액수는 111만 원이다. 가람정착금의 원인 설명이 빠진 두 액수의 기재 사안은 최종 승인되어 시행을 마친 일이다.",,,,,,,,,,
22b47b307880,가람정착금,"가람정착금에 관한 설명이다. 기준 문서에는 111만 원, 후속안에는 128만 원이라고 적혀 있다. 가람정착금의 문서에 잘못 들어간 액수의 교체 사안은 결정이나 실행에 대한 문장은 없다.",,,,,,,,,,
29b67ec22df4,농식품 바우처 예산,2025년 농식품 바우처 예산은 재정 당국과 협의 중으로 아직 확정된 바 없습니다.,https://www.korea.kr/briefing/actuallyView.do?newsId=148930563,2024-06-21,,,,,,,,
304f5af1ef5b,가람정착금,"가람정착금에 관한 설명이다. 후속안에 적은 액수는 128만 원, 기준 문서의 액수는 111만 원이다. 가람정착금의 산출 과정의 실수를 수정하는 정정 사안은 검토가 진행되고 있지만 결론을 내리지 않았다.",,,,,,,,,,
30ea1048a1a5,가람정착금,"가람정착금에 관한 설명이다. 기준 문서에는 111만 원, 후속안에는 128만 원이라고 적혀 있다. 가람정착금의 왜 다른지 밝히지 않은 두 액수의 동시 표기 사안은 앞으로 이루어질 조치로 예고했다.",,,,,,,,,,
3527e2f1797d,가람정착금,"가람정착금에 관한 설명이다. 후속안에 적은 액수는 128만 원, 기준 문서의 액수는 111만 원이다. 별개 사업인 별빛수당의 금액은 360만 원이다. 가람정착금의 오류가 있는 숫자를 고쳐 적는 작업 사안은 확정하여 적용을 마쳤다는 설명이다.",,,,,,,,,,
35c120f6e4b2,가람정착금,"가람정착금에 관한 설명이다. 후속안에 적은 액수는 128만 원, 기준 문서의 액수는 111만 원이다. 별개 사업인 별빛수당의 금액은 360만 원이다. 가람정착금의 두 숫자의 연관성을 제시하지 않는 작성 사안은 어느 단계에 있는지는 밝혀져 있지 않다.",,,,,,,,,,
371f43d46249,가람정착금,"가람정착금에 관한 설명이다. 후속안에 적은 액수는 1,110,000원, 기준 문서의 액수는 111만 원이다. 가람정착금의 동일 액수의 환산 표기 사안은 최종 승인되어 시행을 마친 일이다.",,,,,,,,,,
3862f3cf3ba6,가람정착금,"가람정착금에 관한 설명이다. 기준 문서에는 111만 원, 후속안에는 128만 원이라고 적혀 있다. 가람정착금의 문서에 잘못 들어간 액수의 교체 사안은 당국과 협의하고 있어 아직 결정 전이라고 적었다.",,,,,,,,,,
3b052711e88c,가람정착금,"가람정착금에 관한 설명이다. 기준 문서에는 111만 원, 후속안에는 128만 원이라고 적혀 있다. 가람정착금의 금액 사이의 관계를 밝히지 않은 기록 사안은 실행에 옮길 장래의 방안이라고 적었다.",,,,,,,,,,
3b6aae6a8a6c,영아수당,"특히 2022년도 출생아부터 생후 24개월 이내의 아동에 대해 영아수당을 도입, 2022년 30만 원부터 시작해 단계적으로 인상해 2025년 50만 원을 매월 지급할 계획이다.",https://www.korea.kr/news/policyNewsView.do?newsId=148881122,2020-12-15,,,,,,,,
3d680ed0a03b,가람정착금,"가람정착금에 관한 설명이다. 후속안에 적은 액수는 128만 원, 기준 문서의 액수는 111만 원이다. 가람정착금의 원인 설명이 빠진 두 액수의 기재 사안은 시행된 적이 없다는 입장을 명시했다.",,,,,,,,,,
40d1ac5bcb94,가람정착금,"가람정착금에 관한 설명이다. 기준 문서에는 111만 원, 후속안에는 128만 원이라고 적혀 있다. 가람정착금의 금액 사이의 관계를 밝히지 않은 기록 사안은 발생했다는 해석을 부인하는 내용이다.",,,,,,,,,,
43acbb1b1d4a,가람정착금,"가람정착금에 관한 설명이다. 기준 문서에는 111만 원, 후속안에는 128만 원이라고 적혀 있다. 가람정착금의 수혜자가 받을 지원 규모의 실질적인 조정 사안은 결정이나 실행에 대한 문장은 없다.",,,,,,,,,,
492d26b72e75,가람정착금,"가람정착금에 관한 설명이다. 기준 문서에는 111만 원, 후속안에는 128만 원이라고 적혀 있다. 가람정착금의 왜 다른지 밝히지 않은 두 액수의 동시 표기 사안은 이행 여부를 판단할 정보는 제공하지 않는다.",,,,,,,,,,
4c25eeca4e0b,초급간부 처우개선 예산 대폭 삭감,내년 초급간부 처우개선 예산 대폭 삭감은 사실이 아닙니다.,https://www.korea.kr/news/policyNewsView.do?newsId=148934797,2024-10-08,,,,,,,,
4c31e9050295,수리시설개보수 및 배수개선사업 예산,2025년 수리시설개보수 및 배수개선사업 예산은 재정 당국과 협의 중으로 아직 확정된 바 없습니다.,https://www.korea.kr/briefing/actuallyView.do?newsId=148932342,2024-08-07,,,,,,,,
4f035da794b3,가람정착금,"가람정착금에 관한 설명이다. 기준 문서에는 111만 원, 후속안에는 128만 원이라고 적혀 있다. 가람정착금의 지급할 돈의 규모 자체를 바꾸는 조치 사안은 결정을 끝내고 이행한 사항이라고 알렸다.",,,,,,,,,,
58ecd8f84f43,가람정착금,"가람정착금에 관한 설명이다. 기준 문서에는 111만 원, 후속안에는 128만 원이라고 적혀 있다. 가람정착금의 지급할 돈의 규모 자체를 바꾸는 조치 사안은 가상으로 발생한 상황을 전제한 설명이다.",,,,,,,,,,
5b5aef86feae,가람정착금,"가람정착금에 관한 설명이다. 기준 문서에는 111만 원, 후속안에는 128만 원이라고 적혀 있다. 가람정착금의 금액 사이의 관계를 밝히지 않은 기록 사안은 결정이나 실행에 대한 문장은 없다.",,,,,,,,,,
5e09331f2dc4,가람정착금,"가람정착금에 관한 설명이다. 후속안에 적은 액수는 128만 원, 기준 문서의 액수는 111만 원이다. 별개 사업인 별빛수당의 금액은 360만 원이다. 가람정착금의 오류가 있는 숫자를 고쳐 적는 작업 사안은 논의가 끝나지 않아 확정 여부는 미정이다.",,,,,,,,,,
5f04baa84135,가람정착금,"가람정착금에 관한 설명이다. 후속안에 적은 액수는 1,110,000원, 기준 문서의 액수는 111만 원이다. 가람정착금의 동일 액수의 환산 표기 사안은 다음에 실시할 방안으로 제안되었다.",,,,,,,,,,
5fdb7dffbd1c,가람정착금,"가람정착금에 관한 설명이다. 기준 문서에는 111만 원, 후속안에는 128만 원이라고 적혀 있다. 가람정착금의 잘못 산출된 공고 금액을 바로잡는 조치 사안은 아직 합의하지 못해 논의를 이어가고 있다.",,,,,,,,,,
60667c94ec76,가람정착금,"가람정착금에 관한 설명이다. 후속안에 적은 액수는 128만 원, 기준 문서의 액수는 111만 원이다. 가람정착금의 사업비의 실질적인 증감 사안은 발생하는 경우를 상상한 예시이다.",,,,,,,,,,
6614cc62d133,가람정착금,"가람정착금에 관한 설명이다. 후속안에 적은 액수는 128만 원, 기준 문서의 액수는 111만 원이다. 별개 사업인 별빛수당의 금액은 360만 원이다. 가람정착금의 정책상 지원 수준을 실질적으로 바꾸는 작업 사안은 확정하여 적용을 마쳤다는 설명이다.",,,,,,,,,,
677dd7607463,가람정착금,"가람정착금에 관한 설명이다. 후속안에 적은 액수는 128만 원, 기준 문서의 액수는 111만 원이다. 가람정착금의 사업비의 실질적인 증감 사안은 검토가 진행되고 있지만 결론을 내리지 않았다.",,,,,,,,,,
6870fe49a1c4,가람정착금,"가람정착금에 관한 설명이다. 기준 문서에는 111만 원, 후속안에는 1,110,000원이라고 적혀 있다. 가람정착금의 내용상 금액 차이가 없는 단위 재표현 사안은 발생했다는 해석을 부인하는 내용이다.",,,,,,,,,,
687deb7fb660,가람정착금,"가람정착금에 관한 설명이다. 기준 문서에는 111만 원, 후속안에는 128만 원이라고 적혀 있다. 가람정착금의 지급할 돈의 규모 자체를 바꾸는 조치 사안은 이행 여부를 판단할 정보는 제공하지 않는다.",,,,,,,,,,
6bae5b4b151a,원주사랑상품권 발행규모,"올해 원주사랑상품권 발행규모를 당초 600억 원에서 1,300억 원으로 대폭 늘렸다.",https://www.wonju.go.kr/media/selectBbsNttView.do?bbsNo=145&key=3450&nttNo=416729,2023,,,,,,,,
6c984119cf52,자립수당,"자립준비 청년에게 지원되는 자립수당은 월 40만 원에서 50만 원으로 인상하고 멘토링, 장학금 등 민간 협력을 강화한다.",https://www.korea.kr/news/policyNewsView.do?newsId=148920503,2023-09-19,,,,,,,,
6da1bbcfbad9,필수 예산 삭감을 통한 소비쿠폰 재원 마련,필수 예산을 삭감해 민생회복 소비쿠폰의 재원이 마련되었다는 주장은 전혀 사실이 아닙니다.,https://www.korea.kr/briefing/actuallyView.do?newsId=148946134,2025-07-17,,,,,,,,
701bece9ffae,가람정착금,"가람정착금에 관한 설명이다. 후속안에 적은 액수는 128만 원, 기준 문서의 액수는 111만 원이다. 가람정착금의 원인 설명이 빠진 두 액수의 기재 사안은 실제 진행 상태는 언급되지 않는다.",,,,,,,,,,
724cbd09896b,가람정착금,"가람정착금에 관한 설명이다. 후속안에 적은 액수는 128만 원, 기준 문서의 액수는 111만 원이다. 별개 사업인 별빛수당의 금액은 360만 원이다. 가람정착금의 오류가 있는 숫자를 고쳐 적는 작업 사안은 향후 추진하겠다는 의향을 담고 있다.",,,,,,,,,,
746610791c69,가람정착금,"가람정착금에 관한 설명이다. 후속안에 적은 액수는 128만 원, 기준 문서의 액수는 111만 원이다. 별개 사업인 별빛수당의 금액은 360만 원이다. 가람정착금의 두 숫자의 연관성을 제시하지 않는 작성 사안은 이루어졌다고 치는 조건부 시나리오이다.",,,,,,,,,,
74961faa2979,원전 수출체계 효율화 방안,원전 수출체계 효율화 방안은 결정된 바 없습니다,https://www.korea.kr/briefing/actuallyView.do?newsId=148963183,2026-04-22,,,,,,,,
79d6a482aa42,가람정착금,"가람정착금에 관한 설명이다. 후속안에 적은 액수는 128만 원, 기준 문서의 액수는 111만 원이다. 별개 사업인 별빛수당의 금액은 360만 원이다. 가람정착금의 정책상 지원 수준을 실질적으로 바꾸는 작업 사안은 이루어졌다고 치는 조건부 시나리오이다.",,,,,,,,,,
7e36584a0803,가람정착금,"가람정착금에 관한 설명이다. 기준 문서에는 111만 원, 후속안에는 1,110,000원이라고 적혀 있다. 가람정착금의 실질 가치의 변화 없이 환산 단위만 바꾸는 조치 사안은 가상으로 발생한 상황을 전제한 설명이다.",,,,,,,,,,
82503f1ee750,가람정착금,"가람정착금에 관한 설명이다. 후속안에 적은 액수는 128만 원, 기준 문서의 액수는 111만 원이다. 별개 사업인 별빛수당의 금액은 360만 원이다. 가람정착금의 오류가 있는 숫자를 고쳐 적는 작업 사안은 어느 단계에 있는지는 밝혀져 있지 않다.",,,,,,,,,,
8367050a561c,가람정착금,"가람정착금에 관한 설명이다. 후속안에 적은 액수는 128만 원, 기준 문서의 액수는 111만 원이다. 가람정착금의 원인 설명이 빠진 두 액수의 기재 사안은 다음에 실시할 방안으로 제안되었다.",,,,,,,,,,
8673de0fb3fa,가람정착금,"가람정착금에 관한 설명이다. 후속안에 적은 액수는 128만 원, 기준 문서의 액수는 111만 원이다. 가람정착금의 사업비의 실질적인 증감 사안은 시행된 적이 없다는 입장을 명시했다.",,,,,,,,,,
89a27e83da38,가람정착금,"가람정착금에 관한 설명이다. 후속안에 적은 액수는 128만 원, 기준 문서의 액수는 111만 원이다. 별개 사업인 별빛수당의 금액은 360만 원이다. 가람정착금의 두 숫자의 연관성을 제시하지 않는 작성 사안은 논의가 끝나지 않아 확정 여부는 미정이다.",,,,,,,,,,
8b2e7e658bcb,산불재난특수진화대 증원 및 예산 규모,산불재난특수진화대 증원 및 예산 규모는 확정된 바 없습니다.,https://www.korea.kr/briefing/actuallyView.do?newsId=148970350,2026-08-20,,,,,,,,
904f2169311a,가람정착금,"가람정착금에 관한 설명이다. 기준 문서에는 111만 원, 후속안에는 1,110,000원이라고 적혀 있다. 가람정착금의 실질 가치의 변화 없이 환산 단위만 바꾸는 조치 사안은 결정을 끝내고 이행한 사항이라고 알렸다.",,,,,,,,,,
91efd3376567,가람정착금,"가람정착금에 관한 설명이다. 후속안에 적은 액수는 128만 원, 기준 문서의 액수는 111만 원이다. 별개 사업인 별빛수당의 금액은 360만 원이다. 가람정착금의 두 숫자의 연관성을 제시하지 않는 작성 사안은 향후 추진하겠다는 의향을 담고 있다.",,,,,,,,,,
9383294929f1,가람정착금,"가람정착금에 관한 설명이다. 기준 문서에는 111만 원, 후속안에는 128만 원이라고 적혀 있다. 가람정착금의 왜 다른지 밝히지 않은 두 액수의 동시 표기 사안은 그러한 일이 있었다는 것은 사실이 아니라고 알렸다.",,,,,,,,,,
94f2856e1e83,가람정착금,"가람정착금에 관한 설명이다. 기준 문서에는 111만 원, 후속안에는 128만 원이라고 적혀 있다. 가람정착금의 잘못 산출된 공고 금액을 바로잡는 조치 사안은 그러한 일이 있었다는 것은 사실이 아니라고 알렸다.",,,,,,,,,,
9a805b6b16cd,가람정착금,"가람정착금에 관한 설명이다. 기준 문서에는 111만 원, 후속안에는 128만 원이라고 적혀 있다. 가람정착금의 왜 다른지 밝히지 않은 두 액수의 동시 표기 사안은 결정을 끝내고 이행한 사항이라고 알렸다.",,,,,,,,,,
9a99fe48802d,건강생활유지비,본인부담금 지원을 위한 건강생활유지비도 월 6000원에서 1만 2000원으로 2배 인상한다.,https://www.korea.kr/news/policyNewsView.do?newsId=148931883,2024-07-25,,,,,,,,
9d8224fb078c,가람정착금,"가람정착금에 관한 설명이다. 기준 문서에는 111만 원, 후속안에는 128만 원이라고 적혀 있다. 가람정착금의 수혜자가 받을 지원 규모의 실질적인 조정 사안은 당국과 협의하고 있어 아직 결정 전이라고 적었다.",,,,,,,,,,
9de0a0800d27,가람정착금,"가람정착금에 관한 설명이다. 기준 문서에는 111만 원, 후속안에는 128만 원이라고 적혀 있다. 가람정착금의 왜 다른지 밝히지 않은 두 액수의 동시 표기 사안은 가상으로 발생한 상황을 전제한 설명이다.",,,,,,,,,,
a13ed607340a,가람정착금,"가람정착금에 관한 설명이다. 기준 문서에는 111만 원, 후속안에는 128만 원이라고 적혀 있다. 가람정착금의 문서에 잘못 들어간 액수의 교체 사안은 실행에 옮길 장래의 방안이라고 적었다.",,,,,,,,,,
a5e5f8d6addd,가람정착금,"가람정착금에 관한 설명이다. 후속안에 적은 액수는 1,110,000원, 기준 문서의 액수는 111만 원이다. 가람정착금의 동일 액수의 환산 표기 사안은 시행된 적이 없다는 입장을 명시했다.",,,,,,,,,,
a6c59cadbb20,가람정착금,"가람정착금에 관한 설명이다. 후속안에 적은 액수는 128만 원, 기준 문서의 액수는 111만 원이다. 가람정착금의 원인 설명이 빠진 두 액수의 기재 사안은 발생하는 경우를 상상한 예시이다.",,,,,,,,,,
a7b9af54af71,가람정착금,"가람정착금에 관한 설명이다. 기준 문서에는 111만 원, 후속안에는 1,110,000원이라고 적혀 있다. 가람정착금의 실질 가치의 변화 없이 환산 단위만 바꾸는 조치 사안은 아직 합의하지 못해 논의를 이어가고 있다.",,,,,,,,,,
ac56c5bee779,가람정착금,"가람정착금에 관한 설명이다. 후속안에 적은 액수는 128만 원, 기준 문서의 액수는 111만 원이다. 별개 사업인 별빛수당의 금액은 360만 원이다. 가람정착금의 오류가 있는 숫자를 고쳐 적는 작업 사안은 실제로 그런 조치를 취하지 않았다는 설명이다.",,,,,,,,,,
b2ac11318d60,가람정착금,"가람정착금에 관한 설명이다. 후속안에 적은 액수는 1,110,000원, 기준 문서의 액수는 111만 원이다. 가람정착금의 동일 액수의 환산 표기 사안은 검토가 진행되고 있지만 결론을 내리지 않았다.",,,,,,,,,,
b43bfc97541d,가람정착금,"가람정착금에 관한 설명이다. 기준 문서에는 111만 원, 후속안에는 1,110,000원이라고 적혀 있다. 가람정착금의 내용상 금액 차이가 없는 단위 재표현 사안은 실행에 옮길 장래의 방안이라고 적었다.",,,,,,,,,,
b66c97247c9a,가람정착금,"가람정착금에 관한 설명이다. 후속안에 적은 액수는 128만 원, 기준 문서의 액수는 111만 원이다. 별개 사업인 별빛수당의 금액은 360만 원이다. 가람정착금의 정책상 지원 수준을 실질적으로 바꾸는 작업 사안은 실제로 그런 조치를 취하지 않았다는 설명이다.",,,,,,,,,,
b805d8197fc4,가람정착금,"가람정착금에 관한 설명이다. 후속안에 적은 액수는 1,110,000원, 기준 문서의 액수는 111만 원이다. 가람정착금의 동일 액수의 환산 표기 사안은 발생하는 경우를 상상한 예시이다.",,,,,,,,,,
bb11079f108b,가람정착금,"가람정착금에 관한 설명이다. 기준 문서에는 111만 원, 후속안에는 128만 원이라고 적혀 있다. 가람정착금의 수혜자가 받을 지원 규모의 실질적인 조정 사안은 사실로 보고한 것이 아니라 가정을 설정한 것이다.",,,,,,,,,,
bb794210087f,가람정착금,"가람정착금에 관한 설명이다. 후속안에 적은 액수는 1,110,000원, 기준 문서의 액수는 111만 원이다. 별개 사업인 별빛수당의 금액은 360만 원이다. 가람정착금의 원래 액수와 똑같은 값을 다른 단위로 적는 작업 사안은 논의가 끝나지 않아 확정 여부는 미정이다.",,,,,,,,,,
bee2f9ba0501,가람정착금,"가람정착금에 관한 설명이다. 기준 문서에는 111만 원, 후속안에는 128만 원이라고 적혀 있다. 가람정착금의 금액 사이의 관계를 밝히지 않은 기록 사안은 사실로 보고한 것이 아니라 가정을 설정한 것이다.",,,,,,,,,,
c178fd56e274,가람정착금,"가람정착금에 관한 설명이다. 후속안에 적은 액수는 128만 원, 기준 문서의 액수는 111만 원이다. 별개 사업인 별빛수당의 금액은 360만 원이다. 가람정착금의 오류가 있는 숫자를 고쳐 적는 작업 사안은 이루어졌다고 치는 조건부 시나리오이다.",,,,,,,,,,
c217bd61196b,가람정착금,"가람정착금에 관한 설명이다. 후속안에 적은 액수는 128만 원, 기준 문서의 액수는 111만 원이다. 가람정착금의 산출 과정의 실수를 수정하는 정정 사안은 실제 진행 상태는 언급되지 않는다.",,,,,,,,,,
c25a9ac5c2bb,가람정착금,"가람정착금에 관한 설명이다. 후속안에 적은 액수는 128만 원, 기준 문서의 액수는 111만 원이다. 별개 사업인 별빛수당의 금액은 360만 원이다. 가람정착금의 두 숫자의 연관성을 제시하지 않는 작성 사안은 확정하여 적용을 마쳤다는 설명이다.",,,,,,,,,,
c4069ea5050a,가람정착금,"가람정착금에 관한 설명이다. 기준 문서에는 111만 원, 후속안에는 128만 원이라고 적혀 있다. 가람정착금의 왜 다른지 밝히지 않은 두 액수의 동시 표기 사안은 아직 합의하지 못해 논의를 이어가고 있다.",,,,,,,,,,
c79993f3e819,가람정착금,"가람정착금에 관한 설명이다. 후속안에 적은 액수는 128만 원, 기준 문서의 액수는 111만 원이다. 가람정착금의 사업비의 실질적인 증감 사안은 최종 승인되어 시행을 마친 일이다.",,,,,,,,,,
c909f1c15682,가람정착금,"가람정착금에 관한 설명이다. 후속안에 적은 액수는 1,110,000원, 기준 문서의 액수는 111만 원이다. 별개 사업인 별빛수당의 금액은 360만 원이다. 가람정착금의 원래 액수와 똑같은 값을 다른 단위로 적는 작업 사안은 어느 단계에 있는지는 밝혀져 있지 않다.",,,,,,,,,,
ca0bd66ab004,가람정착금,"가람정착금에 관한 설명이다. 후속안에 적은 액수는 1,110,000원, 기준 문서의 액수는 111만 원이다. 별개 사업인 별빛수당의 금액은 360만 원이다. 가람정착금의 원래 액수와 똑같은 값을 다른 단위로 적는 작업 사안은 실제로 그런 조치를 취하지 않았다는 설명이다.",,,,,,,,,,
cc11ad3aaa96,가람정착금,"가람정착금에 관한 설명이다. 기준 문서에는 111만 원, 후속안에는 128만 원이라고 적혀 있다. 가람정착금의 지급할 돈의 규모 자체를 바꾸는 조치 사안은 앞으로 이루어질 조치로 예고했다.",,,,,,,,,,
cde7ead578d4,가람정착금,"가람정착금에 관한 설명이다. 후속안에 적은 액수는 128만 원, 기준 문서의 액수는 111만 원이다. 가람정착금의 산출 과정의 실수를 수정하는 정정 사안은 최종 승인되어 시행을 마친 일이다.",,,,,,,,,,
d1abdd8bd8fc,가람정착금,"가람정착금에 관한 설명이다. 후속안에 적은 액수는 128만 원, 기준 문서의 액수는 111만 원이다. 가람정착금의 산출 과정의 실수를 수정하는 정정 사안은 다음에 실시할 방안으로 제안되었다.",,,,,,,,,,
d1d83a82edd5,가람정착금,"가람정착금에 관한 설명이다. 후속안에 적은 액수는 128만 원, 기준 문서의 액수는 111만 원이다. 가람정착금의 산출 과정의 실수를 수정하는 정정 사안은 발생하는 경우를 상상한 예시이다.",,,,,,,,,,
d301e54d71d7,가람정착금,"가람정착금에 관한 설명이다. 기준 문서에는 111만 원, 후속안에는 128만 원이라고 적혀 있다. 가람정착금의 지급할 돈의 규모 자체를 바꾸는 조치 사안은 아직 합의하지 못해 논의를 이어가고 있다.",,,,,,,,,,
d40ba6be0974,가람정착금,"가람정착금에 관한 설명이다. 기준 문서에는 111만 원, 후속안에는 1,110,000원이라고 적혀 있다. 가람정착금의 내용상 금액 차이가 없는 단위 재표현 사안은 결정이 완료된 사실로 기재되어 있다.",,,,,,,,,,
d5615a5e6621,가람정착금,"가람정착금에 관한 설명이다. 기준 문서에는 111만 원, 후속안에는 128만 원이라고 적혀 있다. 가람정착금의 수혜자가 받을 지원 규모의 실질적인 조정 사안은 발생했다는 해석을 부인하는 내용이다.",,,,,,,,,,
d81e1885ce90,가람정착금,"가람정착금에 관한 설명이다. 후속안에 적은 액수는 128만 원, 기준 문서의 액수는 111만 원이다. 별개 사업인 별빛수당의 금액은 360만 원이다. 가람정착금의 정책상 지원 수준을 실질적으로 바꾸는 작업 사안은 향후 추진하겠다는 의향을 담고 있다.",,,,,,,,,,
d822271dbdb6,가람정착금,"가람정착금에 관한 설명이다. 기준 문서에는 111만 원, 후속안에는 128만 원이라고 적혀 있다. 가람정착금의 문서에 잘못 들어간 액수의 교체 사안은 사실로 보고한 것이 아니라 가정을 설정한 것이다.",,,,,,,,,,
d9c64d34d297,가람정착금,"가람정착금에 관한 설명이다. 기준 문서에는 111만 원, 후속안에는 1,110,000원이라고 적혀 있다. 가람정착금의 실질 가치의 변화 없이 환산 단위만 바꾸는 조치 사안은 그러한 일이 있었다는 것은 사실이 아니라고 알렸다.",,,,,,,,,,
da701b51e682,가람정착금,"가람정착금에 관한 설명이다. 기준 문서에는 111만 원, 후속안에는 1,110,000원이라고 적혀 있다. 가람정착금의 실질 가치의 변화 없이 환산 단위만 바꾸는 조치 사안은 앞으로 이루어질 조치로 예고했다.",,,,,,,,,,
dd68d0fd98cc,가람정착금,"가람정착금에 관한 설명이다. 후속안에 적은 액수는 128만 원, 기준 문서의 액수는 111만 원이다. 별개 사업인 별빛수당의 금액은 360만 원이다. 가람정착금의 정책상 지원 수준을 실질적으로 바꾸는 작업 사안은 어느 단계에 있는지는 밝혀져 있지 않다.",,,,,,,,,,
df2746cff8e1,가람정착금,"가람정착금에 관한 설명이다. 기준 문서에는 111만 원, 후속안에는 128만 원이라고 적혀 있다. 가람정착금의 잘못 산출된 공고 금액을 바로잡는 조치 사안은 이행 여부를 판단할 정보는 제공하지 않는다.",,,,,,,,,,
df9bba944a78,가람정착금,"가람정착금에 관한 설명이다. 기준 문서에는 111만 원, 후속안에는 128만 원이라고 적혀 있다. 가람정착금의 금액 사이의 관계를 밝히지 않은 기록 사안은 당국과 협의하고 있어 아직 결정 전이라고 적었다.",,,,,,,,,,
e2d02699b1d6,가람정착금,"가람정착금에 관한 설명이다. 기준 문서에는 111만 원, 후속안에는 128만 원이라고 적혀 있다. 가람정착금의 잘못 산출된 공고 금액을 바로잡는 조치 사안은 가상으로 발생한 상황을 전제한 설명이다.",,,,,,,,,,
e2e92f7bf054,가람정착금,"가람정착금에 관한 설명이다. 기준 문서에는 111만 원, 후속안에는 128만 원이라고 적혀 있다. 가람정착금의 잘못 산출된 공고 금액을 바로잡는 조치 사안은 결정을 끝내고 이행한 사항이라고 알렸다.",,,,,,,,,,
e3ec4eae2695,가람정착금,"가람정착금에 관한 설명이다. 기준 문서에는 111만 원, 후속안에는 1,110,000원이라고 적혀 있다. 가람정착금의 내용상 금액 차이가 없는 단위 재표현 사안은 결정이나 실행에 대한 문장은 없다.",,,,,,,,,,
e4a24bf09726,가람정착금,"가람정착금에 관한 설명이다. 기준 문서에는 111만 원, 후속안에는 128만 원이라고 적혀 있다. 가람정착금의 잘못 산출된 공고 금액을 바로잡는 조치 사안은 앞으로 이루어질 조치로 예고했다.",,,,,,,,,,
e6797ae4a58f,CBAM 적용 품목 확대,"EU CBAM이 2030년에 플라스틱, 자동차, 반도체, 배터리 등 전 품목으로 확장될 예정이라는 보도는 사실과 다릅니다.",https://www.korea.kr/briefing/actuallyView.do?newsId=148932239,2024-08-02,,,,,,,,
e88a0505d156,가람정착금,"가람정착금에 관한 설명이다. 기준 문서에는 111만 원, 후속안에는 128만 원이라고 적혀 있다. 가람정착금의 지급할 돈의 규모 자체를 바꾸는 조치 사안은 그러한 일이 있었다는 것은 사실이 아니라고 알렸다.",,,,,,,,,,
edb298f633e4,가람정착금,"가람정착금에 관한 설명이다. 기준 문서에는 111만 원, 후속안에는 128만 원이라고 적혀 있다. 가람정착금의 금액 사이의 관계를 밝히지 않은 기록 사안은 결정이 완료된 사실로 기재되어 있다.",,,,,,,,,,
edb3188bb8df,가람정착금,"가람정착금에 관한 설명이다. 후속안에 적은 액수는 128만 원, 기준 문서의 액수는 111만 원이다. 가람정착금의 산출 과정의 실수를 수정하는 정정 사안은 시행된 적이 없다는 입장을 명시했다.",,,,,,,,,,
ee769e2934e6,가람정착금,"가람정착금에 관한 설명이다. 후속안에 적은 액수는 1,110,000원, 기준 문서의 액수는 111만 원이다. 가람정착금의 동일 액수의 환산 표기 사안은 실제 진행 상태는 언급되지 않는다.",,,,,,,,,,
f16022c8bdc5,가람정착금,"가람정착금에 관한 설명이다. 후속안에 적은 액수는 1,110,000원, 기준 문서의 액수는 111만 원이다. 별개 사업인 별빛수당의 금액은 360만 원이다. 가람정착금의 원래 액수와 똑같은 값을 다른 단위로 적는 작업 사안은 확정하여 적용을 마쳤다는 설명이다.",,,,,,,,,,
f46c89abe59e,가람정착금,"가람정착금에 관한 설명이다. 후속안에 적은 액수는 1,110,000원, 기준 문서의 액수는 111만 원이다. 별개 사업인 별빛수당의 금액은 360만 원이다. 가람정착금의 원래 액수와 똑같은 값을 다른 단위로 적는 작업 사안은 향후 추진하겠다는 의향을 담고 있다.",,,,,,,,,,
f47e7c81de1c,가람정착금,"가람정착금에 관한 설명이다. 기준 문서에는 111만 원, 후속안에는 128만 원이라고 적혀 있다. 가람정착금의 수혜자가 받을 지원 규모의 실질적인 조정 사안은 결정이 완료된 사실로 기재되어 있다.",,,,,,,,,,
f5b26f30ab67,가람정착금,"가람정착금에 관한 설명이다. 기준 문서에는 111만 원, 후속안에는 1,110,000원이라고 적혀 있다. 가람정착금의 실질 가치의 변화 없이 환산 단위만 바꾸는 조치 사안은 이행 여부를 판단할 정보는 제공하지 않는다.",,,,,,,,,,
fc55b2c48438,가람정착금,"가람정착금에 관한 설명이다. 후속안에 적은 액수는 128만 원, 기준 문서의 액수는 111만 원이다. 별개 사업인 별빛수당의 금액은 360만 원이다. 가람정착금의 정책상 지원 수준을 실질적으로 바꾸는 작업 사안은 논의가 끝나지 않아 확정 여부는 미정이다.",,,,,,,,,,
