document,field,reviewer,value_json,scope,page_or_section,evidence_location,uncertainty,reviewed_at
moving2022,age,,,,,,,
moving2022,birth,,,,,,,
moving2022,income,,,,,,,
moving2022,welfare,,,,,,,
moving2023,age,,,,,,,
moving2023,birth,,,,,,,
moving2023,income,,,,,,,
moving2023,welfare,,,,,,,
rent2023,age,,,,,,,
rent2023,birth,,,,,,,
rent2023,income,,,,,,,
rent2023,welfare,,,,,,,
rent2024,age,,,,,,,
rent2024,birth,,,,,,,
rent2024,income,,,,,,,
rent2024,welfare,,,,,,,
allowance2023,age,,,,,,,
allowance2023,birth,,,,,,,
allowance2023,income,,,,,,,
allowance2023,welfare,,,,,,,
allowance2024,age,,,,,,,
allowance2024,birth,,,,,,,
allowance2024,income,,,,,,,
allowance2024,welfare,,,,,,,
culture2023,age,,,,,,,
culture2023,birth,,,,,,,
culture2023,income,,,,,,,
culture2023,welfare,,,,,,,
culture2024,age,,,,,,,
culture2024,birth,,,,,,,
culture2024,income,,,,,,,
culture2024,welfare,,,,,,,
